create database QLBHDT
use QLBHDT
	create table NhanVien

	(
   		MaNV nvarchar(10) not null,
   		HoLot nvarchar(10) not null,
		Ten nvarchar (10) not null,
   		NgaySinh datetime not null,
   		DiaChi nvarchar(50) not null,
   		DienThoai nvarchar(15) not null,
		LuongCoBan numeric(10,0) not null,
		NgayVaoLam datetime not null
   		Constraint  PK_MaNV Primary key (MaNV),
	)
	create table KhachHang
	(
   		MaKH nvarchar(10) not null,
   		TenKH nvarchar(10) not null,
		DiaChi nvarchar(50) not null,
   		DienThoai nvarchar(10) not null,
		Email nvarchar(20),
   		Constraint  PK_MaKH Primary key (MaKH),

	)

	create table LoaiHang

	(
   		MaLoaiHang nvarchar(10) not null,
   		TenLoaiHang nvarchar(20) not null,
   		Constraint  PK_MaLoaiHang Primary key (MaLoaiHang)
	)

	create table NhaCungCap

	(
   		MaCongTy nvarchar(10) not null,
   		TenCongTy nvarchar(20) not null,
   		DiaChi nvarchar(50) not null,
   		DienThoai nvarchar(10) not null,
   		Constraint  PK_MaCongTy Primary key (MaCongTy)
	)
	create table SanPham
	(
   		MaSP nvarchar(10) not null,
 		TenSP nvarchar(50) not null,
   		MaLoaiHang nvarchar(10) not null,
   		MaCongTy nvarchar(10) not null,
   		DonViTinh nvarchar(10) not null,
   		GiaNhap numeric(10, 0) not null,
   		GiaBan numeric(10, 0) not null,    
   		SoLuong numeric (10, 0 ) not null
   		Constraint  PK_MASP Primary key (MaSP),
   		Constraint  FK_MaCongTy_SanPham foreign key (MaCongTy) references NhaCungCap(MaCongTy),
   		Constraint  FK_MaLoaiHang_SanPham foreign key (MaLoaiHang) references LoaiHang(MaLoaiHang),
   		Constraint CK_SoLuong check (SoLuong >=0),
   		Constraint CK_GiaNhap check (GiaNhap >=0),
   		Constraint CK_GiaBan check (GiaBan >=0),
	)



	create table HoaDon
	(
   		MaHD nvarchar(10) not null,
   		MaNV nvarchar(10) not null,
   		MaKH nvarchar(10) not null,
   		NgayLapHD datetime not null,
   		NgayNhanHang datetime not null,
   		Constraint  PK_MaHD Primary key (MaHD),
   		Constraint  FK_MaNV_HoaDon foreign key (MaNV) references NhanVien(MaNV),
   		Constraint  FK_MaKH_HoaDon foreign key (MaKH) references KhachHang(MaKH),
   		Constraint CK_NgayNhanHang check (NgayNhanHang >= NgayLapHD),
     
	)


	create table ChiTietHoaDon

	(
   		MaHD nvarchar(10) not null,
   		MaSP nvarchar(10) not null,
   		SoLuong numeric (10, 0 ) not null,
   		Constraint  PK_ChiTietHoaDon Primary key (MaHD,MaSP),
   		Constraint  FK_MaHD_ChiTietHoaDon foreign key (MaHD) references HoaDon(MaHD),
   		Constraint  FK_MaSP_ChiTietHoaDon foreign key (MaSP) references SanPham(MaSP),
   		Constraint CK_SoLuong_ChiTietHoaDon check (SoLuong >=0),
	)

	CREATE TABLE Users (
		Id INT PRIMARY KEY,
		Username VARCHAR(10) NOT NULL,
		Email VARCHAR(20) NOT NULL,
		Password VARCHAR(20) NOT NULL,
		ThoiGianTao DATETIME DEFAULT GETDATE()
	);

	--User--
	insert into Users Values ( 'admin','admin@gmail.com','admin123',getdate());
	insert into Users Values ( 'user1','user1@gmail.com','123',getdate());
	insert into Users Values ( 'user2','user2@gmail.com','123',getdate());
	insert into Users Values ( 'user3','user3@gmail.com','123',getdate());
	set dateformat dmy
	

	--Nhan vien--
	INSERT into NhanVien  VALUES ('NV01', N'Võ Thị Hồng', N'My', '07-08-1998' , N'Cần Thơ', N'9185577881',6000000, '02-01-2023')
	INSERT into NhanVien  VALUES ('NV02', N'Hà Vĩnh', N'Phát', '09-08-1996' , N'26 Lê Quý Đôn', N'0918352074',6000000, '03-01-2023')
	INSERT into NhanVien  VALUES ('NV03', N'Trần Tuyết', N'Oanh', '07-05-1997' , N'77 Trương Định', N'0918409295',6000000, '04-01-2023')
	INSERT into NhanVien  VALUES ('NV04', N'Nguyễn Kim', N'Ngọc', '08-02-1995' , N'92 Lê Thánh Tôn', N'0918552666',6000000, '05-01-2023')
	INSERT into NhanVien  VALUES ('NV05', N'Nguyễn Văn', N'Thanh', '02-02-1995' , N'62A Cách Mạng Tháng Tám', N'0918356645',6000000, '06-01-2023')
	INSERT into NhanVien  VALUES ('NV06', N'Lê Thị', N'Diệu', '07-04-1997' , N'62A Cách Mạng Tháng Tám', N'0918356645',6000000, '07-01-2023')
	INSERT into NhanVien  VALUES ('NV07', N'Nguyễn Thị', N'Hạnh', '03-03-1993' , N'22A Hòa Bình', N'0918356645',6000000, '08-01-2023')
	INSERT into NhanVien  VALUES ('NV08', N'Đinh Thị', N'Thúy', '07-02-1998' , N'15A 30 tháng 4', N'0918356645',6000000, '09-01-2023')
	INSERT into NhanVien  VALUES ('NV09', N'Nguyễn Ngọc', N'Bích','02-12-1999' , N'22A Cách Mạng Tháng Tám', N'9183566485',6000000, '10-01-2023')
	INSERT into NhanVien  VALUES ('NV10', N'Nguyễn Thành', N'Tín', '02-10-1999' , N'23A Cách Mạng Tháng Tám', N'0918356645',6000000, '10-01-2023')
	--Loai Hang--
	insert into LoaiHang Values ('LH01', 'Iphone');
	insert into LoaiHang Values ('LH02', 'Samsung');
	insert into LoaiHang Values ('LH03', 'Oppo');
	insert into LoaiHang Values ('LH04', 'Xiaomi');
	--nha cung cap--
	insert into NhaCungCap Values ('CT01', 'Apple',N'Tòa nhà Deutsches Haus Ho Chi Minh City, Số 33','18001192');
	insert into NhaCungCap Values ('CT02', 'Samsung',N'Tầng 3, Crescent Mall','1800588890');
	insert into NhaCungCap Values ('CT03', 'Oppo',N'62A Cách Mạng Tháng Tám','1800588841');
	insert into NhaCungCap Values ('CT04', 'Xiaomi',N'Xiaomi Office Building, 100085','80606666');

	--Khach Hang--
	insert into KhachHang Values ('KH01', N'Nguyễn Quốc An',N'Cần Thơ','0123456789','nguyenquocan300503@gmail.com');
	insert into KhachHang Values ('KH02', N'Huỳnh Phú Lộc',N'Cần Thơ','0135643589','huynhquloc@gmail.com');
	insert into KhachHang Values ('KH03', N'Bạch Gia Quốc',N'Hậu Giang','0135663789','bachgiacuoc@gmail.com');
	insert into KhachHang Values ('KH04', N'Ngô Thái Toàn',N'Sóc Trăng','025356789','ngothaitoan@gmail.com');
	insert into KhachHang Values ('KH05', N'Nguyễn Văn Hoài',N'Bạc Liêu','025746789','nguyenvanhai@gmail.com');
	insert into KhachHang Values ('KH06', N'Nguyễn Hoàng Đạo',N'Cần Thơ','0123443789','');
	insert into KhachHang Values ('KH07', N'Nguyễn Hoài Thương',N'Cần Thơ','0135643589','');
	insert into KhachHang Values ('KH08', N'Ngô Hải Nguyên Bách',N'Cần Thơ','013534379','');
	insert into KhachHang Values ('KH09', N'Lê Gia Bảo',N'Cần Thơ','0948405402','');
	insert into KhachHang Values ('KH10', N'Nguyễn Văn Khánh',N'Cần Thơ','025236789','');
	insert into KhachHang Values ('KH11', N'Nguyễn Bá Đạt',N'Cần Thơ','025724789','');
	insert into KhachHang Values ('KH12', N'Nguyễn Bá Đạo',N'Cần Thơ','022324789','');
	insert into KhachHang Values ('KH13', N'Nguyễn Văn A',N'Cần Thơ','025723589','');
	insert into KhachHang Values ('KH14', N'Nguyễn Văn B',N'Cần Thơ','02354789','');
	insert into KhachHang Values ('KH15', N'Nguyễn Văn C',N'Cần Thơ','02356789','');
	insert into KhachHang Values ('KH16', N'Nguyễn Văn D',N'Cần Thơ','02334789','');
	insert into KhachHang Values ('KH17', N'Nguyễn Văn E',N'Cần Thơ','02354789','');
	insert into KhachHang Values ('KH18', N'Nguyễn Văn F',N'Cần Thơ','02355789','');
	insert into KhachHang Values ('KH19', N'Nguyễn Văn J',N'Cần Thơ','02358789','');
	insert into KhachHang Values ('KH20', N'Nguyễn Văn K',N'Cần Thơ','02354789','');
	insert into KhachHang Values ('KH21', N'Nguyễn Văn L',N'Cần Thơ','02354289','');
	insert into KhachHang Values ('KH22', N'Nguyễn Văn M',N'Cần Thơ','02354189','');
	insert into KhachHang Values ('KH23', N'Nguyễn Văn N',N'Cần Thơ','02354709','');
	insert into KhachHang Values ('KH24', N'Nguyễn Văn H',N'Cần Thơ','02354779','');
	insert into KhachHang Values ('KH25', N'Nguyễn Văn T',N'Cần Thơ','02354739','');
	insert into KhachHang Values ('KH28', N'Nguyễn Tuấn Khang',N'Cần Thơ','0257446789','');
	insert into KhachHang Values ('KH29', N'Nguyễn Văn Nghĩa',N'Bạc Liêu','0257496789','');
	insert into KhachHang Values ('KH30', N'Nguyễn Văn Hậu',N'Hậu Giang','0257376789','');
	insert into KhachHang Values ('KH31', N'Nguyễn Thị Ngân Thanh',N'Cần Thơ','0257076789','');
	insert into KhachHang Values ('KH32', N'Lê Văn Tình',N'Vĩnh Long','0257476789','');
	insert into KhachHang Values ('KH33', N'Nguyễn Phước Thọ',N'Cà Mau','0227476789','');
	insert into KhachHang Values ('KH34', N'Nguyễn Hữu Phước',N'Thanh Hóa','0227376789','');
	insert into KhachHang Values ('KH35', N'Nguyễn Thị Hồng Thủy',N'Hà Nội','0227476785','');
	insert into KhachHang Values ('KH36', N'Nguyễn Văn Hài',N'Tiền Giang','0227476759','');
	insert into KhachHang Values ('KH37', N'Đặng Văn Thanh',N'Cần Thơ','0227476089','');
	insert into KhachHang Values ('KH38', N'Lê Thị Thủy',N'Bạc Liêu','0227476089','');
	insert into KhachHang Values ('KH39', N'Nguyễn Hồng Phượng',N'Hậu Giang','0227476089','');
	insert into KhachHang Values ('KH40', N'Nguyễn Vĩnh Khang',N'Cần Thơ','0247446789','');
	insert into KhachHang Values ('KH41', N'Nguyễn Thị Hồng Ân',N'Mỹ Tho','0217496789','');
	insert into KhachHang Values ('KH42', N'Võ Thị Hồng Hoa',N'Hà Nội','0252376789','');
	insert into KhachHang Values ('KH43', N'Lê Thị Mỹ',N'Bắc Ninh','0457076789','');
	insert into KhachHang Values ('KH44', N'Lê Văn Minh',N'Vĩnh Long','0257476785','');
	insert into KhachHang Values ('KH45', N'Võ Thị Hồng My',N'Hậu Giang','0227476389','');
	insert into KhachHang Values ('KH46', N'Nguyễn Tuấn Khang',N'Cà Mau','0257426789','');
	insert into KhachHang Values ('KH47', N'Nguyễn Hữu Hậu',N'Bạc Liêu','0257416789','');
	insert into KhachHang Values ('KH48', N'Nguyễn Văn Hậu',N'Hậu Giang','0257376789','');
	insert into KhachHang Values ('KH49', N'Nguyễn Thị Thanh Ngân',N'Cần Thơ','0457076789','');
	insert into KhachHang Values ('KH50', N'Lê Văn Bách',N'Vĩnh Long','0257476759','');
	insert into KhachHang Values ('KH51', N'Nguyễn Hữu Thọ',N'Cà Mau','0227474789','');
	--San Pham--
	insert into SanPham Values ('SP01','IPhone 14 Pro Max 128GB','LH01','CT01', N'Cái',23000000,25000000,50);
	insert into SanPham Values ('SP02','Samsung Galaxy Z Fold5 5G','LH02','CT02', N'Cái',35000000, 36900000,50);
	insert into SanPham Values ('SP03','OPPO Reno10 5G','LH03','CT03', N'Cái',9700000, 9900000,50);
	insert into SanPham Values ('SP04','Xiaomi Redmi Note 12 Pro 5G','LH04','CT04', N'Cái',11000000, 12000000,50);
	insert into SanPham Values ('SP05','IPhone 13 Pro Max 256GB','LH01','CT01', N'Cái',17000000,18000000,50);
	insert into SanPham Values ('SP06','IPhone 12 Pro 256GB','LH01','CT01', N'Cái',15000000,17500000,50);
	insert into SanPham Values ('SP07','IPhone 12 Mini 128GB','LH01','CT01', N'Cái',12000000,14500000,50);
	insert into SanPham Values ('SP08','IPhone 11 Pro 128GB','LH01','CT01', N'Cái',13000000,13500000,50);
	insert into SanPham Values ('SP09','IPhone X','LH01','CT01', N'Cái',10000000,11000000,50);
	insert into SanPham Values ('SP10','IPhone 8 Plus','LH01','CT01', N'Cái',7800000,8000000,50);
	insert into SanPham Values ('SP11','Xiaomi 12T','LH04','CT04', N'Cái',10000000, 12000000,50);
	insert into SanPham Values ('SP12','Xiaomi Redmi 12','LH04','CT04', N'Cái',3500000, 3790000,50);
	insert into SanPham Values ('SP13','Xiaomi 13 Series','LH04','CT04', N'Cái',16000000, 16990000,50);
	insert into SanPham Values ('SP14','Xiaomi K30 5G Racing Edition','LH04','CT04', N'Cái',57000000, 600000,50);
	insert into SanPham Values ('SP15','Xiaomi 12 5G','LH04','CT04', N'Cái',11000000, 12000000,50);
	insert into SanPham Values ('SP16','Samsung Galaxy A24','LH02','CT02', N'Cái',6000000, 6200000,50);
	insert into SanPham Values ('SP17','Samsung Galaxy S23 Ultra 5G','LH02','CT02', N'Cái',24000000,25900000,50);
	insert into SanPham Values ('SP18','Samsung Galaxy S21 FE 5G','LH02','CT02', N'Cái',9000000, 9990000,50);
	insert into SanPham Values ('SP19','Samsung Galaxy Z Flip5 5G','LH02','CT02', N'Cái',20000000, 21900000,50);
	insert into SanPham Values ('SP20','Samsung Galaxy A54 5G','LH02','CT02', N'Cái',9300000, 9900000,50);
	insert into SanPham Values ('SP21','Samsung Galaxy A23','LH02','CT02', N'Cái',3800000, 4000000,50);
	insert into SanPham Values ('SP22','Samsung Galaxy A04','LH02','CT02', N'Cái',2300000, 2450000,50);
	insert into SanPham Values ('SP23','OPPO Find N2 Flip 5G','LH03','CT03', N'Cái',18000000, 19900000,50);
	insert into SanPham Values ('SP24','OPPO Reno8 T 5G','LH03','CT03', N'Cái',7700000, 8400000,50);
	insert into SanPham Values ('SP25','OPPO Reno8 series','LH03','CT03', N'Cái',12500000, 13900000,50);
	insert into SanPham Values ('SP26','OPPO A77s','LH03','CT03', N'Cái',4700000, 5000000,50);
	insert into SanPham Values ('SP27','OPPO A38','LH03','CT03', N'Cái',3700000, 4100000,50);
	insert into SanPham Values ('SP28','OPPO A58','LH03','CT03', N'Cái',5300000, 5700000,50);
	insert into SanPham Values ('SP29','OPPO Reno10 Pro 5G','LH03','CT03', N'Cái',13700000, 13900000,50);
	insert into SanPham Values ('SP30','OPPO Find X5 Pro 5G','LH03','CT03', N'Cái',17700000, 17900000,50);
	insert into SanPham Values ('SP31','Samsung Galaxy A51 5G','LH02','CT02', N'Cái',6300000, 6900000,50);
	insert into SanPham Values ('SP32','Samsung Galaxy A14','LH02','CT02', N'Cái',2300000, 2450000,50);
	insert into SanPham Values ('SP33','OPPO Find N2 Flip 5G','LH03','CT03', N'Cái',18000000, 19900000,50);
	insert into SanPham Values ('SP34','OPPO Reno9 T 5G','LH03','CT03', N'Cái',7700000, 8400000,50);
	insert into SanPham Values ('SP35','OPPO Reno7 series','LH03','CT03', N'Cái',12500000, 13900000,50);
	insert into SanPham Values ('SP36','OPPO A72s','LH03','CT03', N'Cái',4700000, 5000000,50);
	insert into SanPham Values ('SP37','OPPO A36','LH03','CT03', N'Cái',3700000, 4100000,50);
	insert into SanPham Values ('SP38','OPPO A52','LH03','CT03', N'Cái',5300000, 5700000,50);
	insert into SanPham Values ('SP39','OPPO Reno10 5G','LH03','CT03', N'Cái',12700000, 12900000,50);
	insert into SanPham Values ('SP40','OPPO Find X2 Pro 5G','LH03','CT03', N'Cái',17700000, 17900000,50);
	insert into SanPham Values ('SP41','Samsung Galaxy A24','LH02','CT02', N'Cái',3800000, 4000000,50);
	insert into SanPham Values ('SP42','Samsung Galaxy Z Fold4 5G 256GB','LH02','CT02', N'Cái',23000000, 24500000,50);
	insert into SanPham Values ('SP43','IPhone 15 Pro 256GB','LH01','CT01', N'Cái',27000000,28000000,50);
	insert into SanPham Values ('SP44','IPhone 15 Pro 512GB','LH01','CT01', N'Cái',33000000,35000000,50);
	insert into SanPham Values ('SP45','IPhone 15 Pro 1TB','LH01','CT01', N'Cái',30000000,40000000,50);
	insert into SanPham Values ('SP46','OPPO A72s','LH03','CT03', N'Cái',4700000, 5000000,50);
	insert into SanPham Values ('SP47','OPPO A36','LH03','CT03', N'Cái',3700000, 4100000,50);
	insert into SanPham Values ('SP48','OPPO A52','LH03','CT03', N'Cái',5300000, 5700000,50);
	insert into SanPham Values ('SP49','OPPO Reno10 5G','LH03','CT03', N'Cái',12700000, 12900000,50);
	insert into SanPham Values ('SP50','OPPO Find X2 Pro 5G','LH03','CT03', N'Cái',17700000, 17900000,50);
	--Hoa Don--
	insert into HoaDon Values ('00001', 'NV01','KH01', '1-1-2023', '1-1-2023');      
	insert into HoaDon Values ('00002', 'NV02','KH02', '1-1-2023', '1-1-2023');
	insert into HoaDon Values ('00003', 'NV03','KH03', '1-1-2023', '1-1-2023');
	insert into HoaDon Values ('00004', 'NV04','KH04', '1-1-2023', '1-1-2023');
	insert into HoaDon Values ('00005', 'NV05','KH05', '2-1-2023', '2-1-2023');
	insert into HoaDon Values ('00006', 'NV01','KH06', '2-1-2023', '2-1-2023');
	insert into HoaDon Values ('00007', 'NV01','KH07', '2-1-2023', '2-1-2023');
	insert into HoaDon Values ('00008', 'NV04','KH08', '2-1-2023', '2-1-2023');
	insert into HoaDon Values ('00009', 'NV04','KH09', '3-1-2023', '3-1-2023');
	insert into HoaDon Values ('00010', 'NV05','KH10', '3-1-2023', '3-1-2023');
	insert into HoaDon Values ('00011', 'NV04','KH11', '3-1-2023', '3-1-2023');
	insert into HoaDon Values ('00012', 'NV04','KH12', '3-1-2023', '3-1-2023');
	insert into HoaDon Values ('00013', 'NV05','KH13', '4-1-2023', '4-1-2023');
	insert into HoaDon Values ('00014', 'NV04','KH14', '4-1-2023', '4-1-2023');
	insert into HoaDon Values ('00015', 'NV04','KH15', '4-1-2023', '4-1-2023');
	insert into HoaDon Values ('00016', 'NV02','KH16', '4-1-2023', '4-1-2023');
	insert into HoaDon Values ('00017', 'NV04','KH17', '5-1-2023', '5-1-2023');
	insert into HoaDon Values ('00018', 'NV04','KH18', '5-1-2023', '5-1-2023');
	insert into HoaDon Values ('00019', 'NV05','KH19', '5-1-2023', '5-1-2023');
	insert into HoaDon Values ('00020', 'NV04','KH20', '5-1-2023', '5-1-2023');
	insert into HoaDon Values ('00021', 'NV04','KH21', '6-1-2023', '6-1-2023');
	insert into HoaDon Values ('00022', 'NV02','KH22', '6-1-2023', '6-1-2023');
	insert into HoaDon Values ('00023', 'NV05','KH23', '6-1-2023', '6-1-2023');
	insert into HoaDon Values ('00024', 'NV06','KH24', '6-1-2023', '6-1-2023');
	insert into HoaDon Values ('00025', 'NV07','KH25', '7-1-2023', '7-1-2023');
	insert into HoaDon Values ('00026', 'NV02','KH26', '7-1-2023', '7-1-2023');
	insert into HoaDon Values ('00027', 'NV09','KH27', '7-1-2023', '7-1-2023');
	insert into HoaDon Values ('00028', 'NV10','KH28', '7-1-2023', '7-1-2023');
	insert into HoaDon Values ('00029', 'NV06','KH29', '8-1-2023', '8-1-2023');
	insert into HoaDon Values ('00030', 'NV08','KH30', '8-1-2023', '8-1-2023');
	insert into HoaDon Values ('00031', 'NV01','KH31', '8-1-2023', '8-1-2023');
	insert into HoaDon Values ('00032', 'NV04','KH32', '8-1-2023', '8-1-2023');
	insert into HoaDon Values ('00033', 'NV05','KH33', '9-1-2023', '9-1-2023');
	insert into HoaDon Values ('00034', 'NV06','KH34', '9-1-2023', '9-1-2023');
	insert into HoaDon Values ('00035', 'NV01','KH35', '9-1-2023', '9-1-2023');
	insert into HoaDon Values ('00036', 'NV02','KH36', '9-1-2023', '9-1-2023');
	insert into HoaDon Values ('00037', 'NV09','KH37', '10-1-2023', '10-1-2023');
	insert into HoaDon Values ('00038', 'NV10','KH38', '10-1-2023', '10-1-2023');
	insert into HoaDon Values ('00039', 'NV06','KH39', '10-1-2023', '10-1-2023');
	insert into HoaDon Values ('00040', 'NV07','KH40', '10-1-2023', '10-1-2023');
	insert into HoaDon Values ('00041', 'NV01','KH41', '11-1-2023', '11-1-2023');
	insert into HoaDon Values ('00042', 'NV01','KH42', '11-1-2023', '11-1-2023');
	insert into HoaDon Values ('00043', 'NV06','KH43', '11-1-2023', '11-1-2023');
	insert into HoaDon Values ('00044', 'NV06','KH44', '11-1-2023', '11-1-2023');
	insert into HoaDon Values ('00045', 'NV01','KH45', '12-1-2023', '12-1-2023');
	insert into HoaDon Values ('00046', 'NV05','KH46', '12-1-2023', '12-1-2023');
	insert into HoaDon Values ('00047', 'NV08','KH47', '12-1-2023', '12-1-2023');
	insert into HoaDon Values ('00048', 'NV10','KH48', '12-1-2023', '12-1-2023');
	insert into HoaDon Values ('00049', 'NV06','KH49', '13-1-2023', '13-1-2023');
	insert into HoaDon Values ('00050', 'NV02','KH50', '13-1-2023', '13-1-2023');
	insert into HoaDon Values ('00051', 'NV01','KH01', '13-1-2023', '13-1-2023');
	insert into HoaDon Values ('00052', 'NV02','KH02', '13-1-2023', '13-1-2023');
	insert into HoaDon Values ('00053', 'NV06','KH03', '14-1-2023', '14-1-2023');
	insert into HoaDon Values ('00054', 'NV03','KH04', '14-1-2023', '14-1-2023');
	insert into HoaDon Values ('00055', 'NV01','KH05', '14-1-2023', '14-1-2023');
	insert into HoaDon Values ('00056', 'NV05','KH06', '14-1-2023', '14-1-2023');
	insert into HoaDon Values ('00057', 'NV08','KH07', '15-1-2023', '15-1-2023');
	insert into HoaDon Values ('00058', 'NV10','KH08', '15-1-2023', '15-1-2023');
	insert into HoaDon Values ('00059', 'NV07','KH09', '15-1-2023', '15-1-2023');
	insert into HoaDon Values ('00060', 'NV08','KH10', '15-1-2023', '15-1-2023');
	insert into HoaDon Values ('00061', 'NV01','KH11', '16-1-2023', '16-1-2023');
	insert into HoaDon Values ('00062', 'NV02','KH12', '16-1-2023', '16-1-2023');
	insert into HoaDon Values ('00063', 'NV06','KH13', '16-1-2023', '16-1-2023');
	insert into HoaDon Values ('00064', 'NV10','KH14', '16-1-2023', '16-1-2023');
	insert into HoaDon Values ('00065', 'NV04','KH15', '17-1-2023', '17-1-2023');
	insert into HoaDon Values ('00066', 'NV10','KH16', '17-1-2023', '17-1-2023');
	insert into HoaDon Values ('00067', 'NV08','KH17', '17-1-2023', '17-1-2023');
	insert into HoaDon Values ('00068', 'NV09','KH18', '17-1-2023', '17-1-2023');
	insert into HoaDon Values ('00069', 'NV07','KH19', '18-1-2023', '18-1-2023');
	insert into HoaDon Values ('00070', 'NV08','KH20', '18-1-2023', '18-1-2023');
	insert into HoaDon Values ('00071', 'NV01','KH21', '18-1-2023', '18-1-2023');
	insert into HoaDon Values ('00072', 'NV02','KH22', '18-1-2023', '18-1-2023');
	insert into HoaDon Values ('00073', 'NV06','KH23', '19-1-2023', '19-1-2023');
	insert into HoaDon Values ('00074', 'NV10','KH24', '19-1-2023', '19-1-2023');
	insert into HoaDon Values ('00075', 'NV04','KH25', '19-1-2023', '19-1-2023');
	insert into HoaDon Values ('00076', 'NV10','KH26', '19-1-2023', '19-1-2023');
	insert into HoaDon Values ('00077', 'NV08','KH27', '20-1-2023', '20-1-2023');
	insert into HoaDon Values ('00078', 'NV09','KH28', '20-1-2023', '20-1-2023');
	insert into HoaDon Values ('00079', 'NV07','KH29', '20-1-2023', '20-1-2023');
	insert into HoaDon Values ('00080', 'NV01','KH30', '20-1-2023', '20-1-2023');
	insert into HoaDon Values ('00081', 'NV01','KH31', '21-1-2023', '21-1-2023');
	insert into HoaDon Values ('00082', 'NV02','KH32', '21-1-2023', '21-1-2023');
	insert into HoaDon Values ('00083', 'NV06','KH33', '21-1-2023', '21-1-2023');
	insert into HoaDon Values ('00084', 'NV03','KH34', '21-1-2023', '21-1-2023');
	insert into HoaDon Values ('00085', 'NV01','KH35', '22-1-2023', '22-1-2023');
	insert into HoaDon Values ('00086', 'NV05','KH36', '22-1-2023', '22-1-2023');
	insert into HoaDon Values ('00087', 'NV08','KH37', '22-1-2023', '22-1-2023');
	insert into HoaDon Values ('00088', 'NV10','KH38', '22-1-2023', '22-1-2023');
	insert into HoaDon Values ('00089', 'NV07','KH39', '23-1-2023', '23-1-2023');
	insert into HoaDon Values ('00090', 'NV08','KH40', '23-1-2023', '23-1-2023');
	insert into HoaDon Values ('00091', 'NV01','KH41', '23-1-2023', '23-1-2023');
	insert into HoaDon Values ('00092', 'NV05','KH42', '23-1-2023', '23-1-2023');
	insert into HoaDon Values ('00093', 'NV06','KH43', '24-1-2023', '24-1-2023');
	insert into HoaDon Values ('00094', 'NV09','KH44', '24-1-2023', '24-1-2023');
	insert into HoaDon Values ('00095', 'NV01','KH45', '24-1-2023', '24-1-2023');
	insert into HoaDon Values ('00096', 'NV09','KH46', '24-1-2023', '24-1-2023');
	insert into HoaDon Values ('00097', 'NV08','KH47', '25-1-2023', '25-1-2023');
	insert into HoaDon Values ('00098', 'NV10','KH48', '25-1-2023', '25-1-2023');
	insert into HoaDon Values ('00099', 'NV07','KH49', '25-1-2023', '25-1-2023');
	insert into HoaDon Values ('00100', 'NV08','KH50', '25-1-2023', '25-1-2023');
	insert into HoaDon Values ('00101', 'NV01','KH01', '26-1-2023', '26-1-2023');
	insert into HoaDon Values ('00102', 'NV02','KH02', '26-1-2023', '26-1-2023');
	insert into HoaDon Values ('00103', 'NV03','KH03', '26-1-2023', '26-1-2023');
	insert into HoaDon Values ('00104', 'NV04','KH04', '26-1-2023', '26-1-2023');
	insert into HoaDon Values ('00105', 'NV05','KH05', '27-1-2023', '27-1-2023');
	insert into HoaDon Values ('00106', 'NV01','KH06', '27-1-2023', '27-1-2023');
	insert into HoaDon Values ('00107', 'NV01','KH07', '27-1-2023', '27-1-2023');
	insert into HoaDon Values ('00108', 'NV04','KH08', '27-1-2023', '27-1-2023');
	insert into HoaDon Values ('00109', 'NV04','KH09', '28-1-2023', '28-1-2023');
	insert into HoaDon Values ('00110', 'NV05','KH10', '28-1-2023', '28-1-2023');
	insert into HoaDon Values ('00111', 'NV04','KH11', '28-1-2023', '28-1-2023');
	insert into HoaDon Values ('00112', 'NV04','KH12', '28-1-2023', '28-1-2023');
	insert into HoaDon Values ('00113', 'NV05','KH13', '29-1-2023', '29-1-2023');
	insert into HoaDon Values ('00114', 'NV04','KH14', '29-1-2023', '29-1-2023');
	insert into HoaDon Values ('00115', 'NV04','KH15', '29-1-2023', '29-1-2023');
	insert into HoaDon Values ('00116', 'NV02','KH16', '29-1-2023', '29-1-2023');
	insert into HoaDon Values ('00117', 'NV04','KH17', '30-1-2023', '30-1-2023');
	insert into HoaDon Values ('00118', 'NV04','KH18', '30-1-2023', '30-1-2023');
	insert into HoaDon Values ('00119', 'NV05','KH19', '30-1-2023', '30-1-2023');
	insert into HoaDon Values ('00120', 'NV04','KH20', '30-1-2023', '30-1-2023');
	insert into HoaDon Values ('00121', 'NV04','KH21', '1-2-2023', '1-2-2023');
	insert into HoaDon Values ('00122', 'NV02','KH22', '1-2-2023', '1-2-2023');
	insert into HoaDon Values ('00123', 'NV05','KH23', '1-2-2023', '1-2-2023');
	insert into HoaDon Values ('00124', 'NV06','KH24', '1-2-2023', '1-2-2023');
	insert into HoaDon Values ('00125', 'NV07','KH25', '2-2-2023', '2-2-2023');
	insert into HoaDon Values ('00126', 'NV02','KH26', '2-2-2023', '2-2-2023');
	insert into HoaDon Values ('00127', 'NV09','KH27', '2-2-2023', '2-2-2023');
	insert into HoaDon Values ('00128', 'NV10','KH28', '2-2-2023', '2-2-2023');
	insert into HoaDon Values ('00129', 'NV06','KH29', '3-2-2023', '3-2-2023');
	insert into HoaDon Values ('00130', 'NV08','KH30', '3-2-2023', '3-2-2023');
	insert into HoaDon Values ('00131', 'NV01','KH31', '3-2-2023', '3-2-2023');
	insert into HoaDon Values ('00132', 'NV04','KH32', '3-2-2023', '3-2-2023');
	insert into HoaDon Values ('00133', 'NV05','KH33', '4-2-2023', '4-2-2023');
	insert into HoaDon Values ('00134', 'NV06','KH34', '4-2-2023', '4-2-2023');
	insert into HoaDon Values ('00135', 'NV01','KH35', '4-2-2023', '4-2-2023');
	insert into HoaDon Values ('00136', 'NV02','KH36', '4-2-2023', '4-2-2023');
	insert into HoaDon Values ('00137', 'NV09','KH37', '5-2-2023', '5-2-2023');
	insert into HoaDon Values ('00138', 'NV10','KH38', '5-2-2023', '5-2-2023');
	insert into HoaDon Values ('00139', 'NV06','KH39', '5-2-2023', '5-2-2023');
	insert into HoaDon Values ('00140', 'NV07','KH40', '5-2-2023', '5-2-2023');
	insert into HoaDon Values ('00141', 'NV01','KH41', '6-2-2023', '6-2-2023');
	insert into HoaDon Values ('00142', 'NV01','KH42', '6-2-2023', '6-2-2023');
	insert into HoaDon Values ('00143', 'NV06','KH43', '6-2-2023', '6-2-2023');
	insert into HoaDon Values ('00144', 'NV06','KH44', '6-2-2023', '6-2-2023');
	insert into HoaDon Values ('00145', 'NV01','KH45', '7-2-2023', '7-2-2023');
	insert into HoaDon Values ('00146', 'NV05','KH46', '7-2-2023', '7-2-2023');
	insert into HoaDon Values ('00147', 'NV08','KH47', '7-2-2023', '7-2-2023');
	insert into HoaDon Values ('00148', 'NV10','KH48', '7-2-2023', '7-2-2023');
	insert into HoaDon Values ('00149', 'NV06','KH49', '8-2-2023', '8-2-2023');
	insert into HoaDon Values ('00150', 'NV02','KH50', '8-2-2023', '8-2-2023');
	insert into HoaDon Values ('00151', 'NV01','KH01', '8-2-2023', '8-2-2023');
	insert into HoaDon Values ('00152', 'NV02','KH02', '8-2-2023', '8-2-2023');
	insert into HoaDon Values ('00153', 'NV06','KH03', '9-2-2023', '9-2-2023');
	insert into HoaDon Values ('00154', 'NV03','KH04', '9-2-2023', '9-2-2023');
	insert into HoaDon Values ('00155', 'NV01','KH05', '9-2-2023', '9-2-2023');
	insert into HoaDon Values ('00156', 'NV05','KH06', '9-2-2023', '9-2-2023');
	insert into HoaDon Values ('00157', 'NV08','KH07', '10-2-2023', '10-2-2023');
	insert into HoaDon Values ('00158', 'NV10','KH08', '10-2-2023', '10-2-2023');
	insert into HoaDon Values ('00159', 'NV07','KH09', '10-2-2023', '10-2-2023');
	insert into HoaDon Values ('00160', 'NV08','KH10', '10-2-2023', '10-2-2023');
	insert into HoaDon Values ('00161', 'NV01','KH11', '11-2-2023', '11-2-2023');
	insert into HoaDon Values ('00162', 'NV02','KH12', '11-2-2023', '11-2-2023');
	insert into HoaDon Values ('00163', 'NV06','KH13', '11-2-2023', '11-2-2023');
	insert into HoaDon Values ('00164', 'NV10','KH14', '11-2-2023', '11-2-2023');
	insert into HoaDon Values ('00165', 'NV04','KH15', '12-2-2023', '12-2-2023');
	insert into HoaDon Values ('00166', 'NV10','KH16', '12-2-2023', '12-2-2023');
	insert into HoaDon Values ('00167', 'NV08','KH17', '12-2-2023', '12-2-2023');
	insert into HoaDon Values ('00168', 'NV09','KH18', '12-2-2023', '12-2-2023');
	insert into HoaDon Values ('00169', 'NV07','KH19', '13-2-2023', '13-2-2023');
	insert into HoaDon Values ('00170', 'NV08','KH20', '13-2-2023', '13-2-2023');
	insert into HoaDon Values ('00171', 'NV01','KH21', '13-2-2023', '13-2-2023');
	insert into HoaDon Values ('00172', 'NV02','KH22', '13-2-2023', '13-2-2023');
	insert into HoaDon Values ('00173', 'NV06','KH23', '14-2-2023', '14-2-2023');
	insert into HoaDon Values ('00174', 'NV10','KH24', '14-2-2023', '14-2-2023');
	insert into HoaDon Values ('00175', 'NV04','KH25', '14-2-2023', '14-2-2023');
	insert into HoaDon Values ('00176', 'NV10','KH26', '14-2-2023', '14-2-2023');
	insert into HoaDon Values ('00177', 'NV08','KH27', '15-2-2023', '15-2-2023');
	insert into HoaDon Values ('00178', 'NV09','KH28', '15-2-2023', '15-2-2023');
	insert into HoaDon Values ('00179', 'NV07','KH29', '15-2-2023', '15-2-2023');
	insert into HoaDon Values ('00180', 'NV01','KH30', '15-2-2023', '15-2-2023');
	insert into HoaDon Values ('00181', 'NV01','KH31', '16-2-2023', '16-2-2023');
	insert into HoaDon Values ('00182', 'NV02','KH32', '16-2-2023', '16-2-2023');
	insert into HoaDon Values ('00183', 'NV06','KH33', '16-2-2023', '16-2-2023');
	insert into HoaDon Values ('00184', 'NV03','KH34', '16-2-2023', '16-2-2023');
	insert into HoaDon Values ('00185', 'NV01','KH35', '17-2-2023', '17-2-2023');
	insert into HoaDon Values ('00186', 'NV05','KH36', '17-2-2023', '17-2-2023');
	insert into HoaDon Values ('00187', 'NV08','KH37', '17-2-2023', '17-2-2023');
	insert into HoaDon Values ('00188', 'NV10','KH38', '17-2-2023', '17-2-2023');
	insert into HoaDon Values ('00189', 'NV07','KH39', '18-2-2023', '18-2-2023');
	insert into HoaDon Values ('00190', 'NV08','KH40', '18-2-2023', '18-2-2023');
	insert into HoaDon Values ('00191', 'NV01','KH41', '18-2-2023', '18-2-2023');
	insert into HoaDon Values ('00192', 'NV05','KH42', '18-2-2023', '18-2-2023');
	insert into HoaDon Values ('00193', 'NV06','KH43', '19-2-2023', '19-2-2023');
	insert into HoaDon Values ('00194', 'NV09','KH44', '19-2-2023', '19-2-2023');
	insert into HoaDon Values ('00195', 'NV01','KH45', '19-2-2023', '19-2-2023');
	insert into HoaDon Values ('00196', 'NV09','KH46', '19-2-2023', '19-2-2023');
	insert into HoaDon Values ('00197', 'NV08','KH47', '20-2-2023', '20-2-2023');
	insert into HoaDon Values ('00198', 'NV10','KH48', '20-2-2023', '20-2-2023');
	insert into HoaDon Values ('00199', 'NV07','KH49', '20-2-2023', '20-2-2023');
	insert into HoaDon Values ('00200', 'NV08','KH50', '20-2-2023', '20-2-2023');
	insert into HoaDon Values ('00201','NV01','KH01', '21-2-2023', '21-2-2023');
	insert into HoaDon Values ('00202','NV01','KH02', '21-2-2023', '21-2-2023');
	insert into HoaDon Values ('00203','NV02','KH03', '21-2-2023', '21-2-2023');
	insert into HoaDon Values ('00204','NV02','KH04', '21-2-2023', '21-2-2023');
	insert into HoaDon Values ('00205','NV03','KH05', '22-2-2023', '22-2-2023');
	insert into HoaDon Values ('00206','NV03','KH06', '22-2-2023', '22-2-2023');
	insert into HoaDon Values ('00207','NV04','KH07', '22-2-2023', '22-2-2023');
	insert into HoaDon Values ('00208','NV04','KH08', '22-2-2023', '22-2-2023');
	insert into HoaDon Values ('00209','NV05','KH09', '23-2-2023', '23-2-2023');
	insert into HoaDon Values ('00210','NV05','KH10', '23-2-2023', '23-2-2023');
	insert into HoaDon Values ('00211','NV06','KH11', '23-2-2023', '23-2-2023');
	insert into HoaDon Values ('00212','NV06','KH12', '23-2-2023', '23-2-2023');
	insert into HoaDon Values ('00213','NV07','KH13', '24-2-2023', '24-2-2023');
	insert into HoaDon Values ('00214','NV07','KH14', '24-2-2023', '24-2-2023');
	insert into HoaDon Values ('00215','NV08','KH15', '24-2-2023', '24-2-2023');
	insert into HoaDon Values ('00216','NV08','KH16', '24-2-2023', '24-2-2023');
	insert into HoaDon Values ('00217','NV09','KH17', '25-2-2023', '25-2-2023');
	insert into HoaDon Values ('00218','NV09','KH18', '25-2-2023', '25-2-2023');
	insert into HoaDon Values ('00219','NV10','KH19', '25-2-2023', '25-2-2023');
	insert into HoaDon Values ('00220','NV10','KH20', '25-2-2023', '25-2-2023');
	insert into HoaDon Values ('00221','NV01','KH21', '26-2-2023', '26-2-2023');
	insert into HoaDon Values ('00222','NV01','KH22', '26-2-2023', '26-2-2023');
	insert into HoaDon Values ('00223','NV02','KH23', '26-2-2023', '26-2-2023');
	insert into HoaDon Values ('00224','NV02','KH24', '26-2-2023', '26-2-2023');
	insert into HoaDon Values ('00225','NV03','KH25', '27-2-2023', '27-2-2023');
	insert into HoaDon Values ('00226','NV03','KH26', '27-2-2023', '27-2-2023');
	insert into HoaDon Values ('00227','NV04','KH27', '27-2-2023', '27-2-2023');
	insert into HoaDon Values ('00228','NV04','KH28', '27-2-2023', '27-2-2023');
	insert into HoaDon Values ('00229','NV05','KH29', '1-3-2023', '1-3-2023');
	insert into HoaDon Values ('00230','NV05','KH30', '1-3-2023', '1-3-2023');
	insert into HoaDon Values ('00231','NV06','KH31', '1-3-2023', '1-3-2023');
	insert into HoaDon Values ('00232','NV06','KH32', '1-3-2023', '1-3-2023');
	insert into HoaDon Values ('00233','NV07','KH33', '2-3-2023', '2-3-2023');
	insert into HoaDon Values ('00234','NV07','KH34', '2-3-2023', '2-3-2023');
	insert into HoaDon Values ('00235','NV08','KH35', '2-3-2023', '2-3-2023');
	insert into HoaDon Values ('00236','NV08','KH36', '2-3-2023', '2-3-2023');
	insert into HoaDon Values ('00237','NV09','KH37', '3-3-2023', '3-3-2023');
	insert into HoaDon Values ('00238','NV09','KH38', '3-3-2023', '3-3-2023');
	insert into HoaDon Values ('00239','NV10','KH39', '3-3-2023', '3-3-2023');
	insert into HoaDon Values ('00240','NV10','KH40', '3-3-2023', '3-3-2023');
	insert into HoaDon Values ('00241','NV01','KH41', '4-3-2023', '4-3-2023');
	insert into HoaDon Values ('00242','NV01','KH42', '4-3-2023', '4-3-2023');
	insert into HoaDon Values ('00243','NV02','KH43', '4-3-2023', '4-3-2023');
	insert into HoaDon Values ('00244','NV02','KH44', '4-3-2023', '4-3-2023');
	insert into HoaDon Values ('00245','NV03','KH45', '5-3-2023', '5-3-2023');
	insert into HoaDon Values ('00246','NV03','KH46', '5-3-2023', '5-3-2023');
	insert into HoaDon Values ('00247','NV04','KH47', '5-3-2023', '5-3-2023');
	insert into HoaDon Values ('00248','NV04','KH48', '5-3-2023', '5-3-2023');
	insert into HoaDon Values ('00249','NV05','KH49', '6-3-2023', '6-3-2023');
	insert into HoaDon Values ('00250','NV05','KH50', '6-3-2023', '6-3-2023');
	insert into HoaDon Values ('00251','NV06','KH01', '6-3-2023', '6-3-2023');
	insert into HoaDon Values ('00252','NV06','KH02', '6-3-2023', '6-3-2023');
	insert into HoaDon Values ('00253','NV07','KH03', '7-3-2023', '7-3-2023');
	insert into HoaDon Values ('00254','NV07','KH04', '7-3-2023', '7-3-2023');
	insert into HoaDon Values ('00255','NV08','KH05', '7-3-2023', '7-3-2023');
	insert into HoaDon Values ('00256','NV08','KH06', '7-3-2023', '7-3-2023');
	insert into HoaDon Values ('00257','NV09','KH07', '8-3-2023', '8-3-2023');
	insert into HoaDon Values ('00258','NV09','KH08', '8-3-2023', '8-3-2023');
	insert into HoaDon Values ('00259','NV10','KH09', '8-3-2023', '8-3-2023');
	insert into HoaDon Values ('00260','NV10','KH10', '8-3-2023', '8-3-2023');
	insert into HoaDon Values ('00261','NV01','KH11', '9-3-2023', '9-3-2023');
	insert into HoaDon Values ('00262','NV01','KH12', '9-3-2023', '9-3-2023');
	insert into HoaDon Values ('00263','NV02','KH13', '9-3-2023', '9-3-2023');
	insert into HoaDon Values ('00264','NV02','KH14', '9-3-2023', '9-3-2023');
	insert into HoaDon Values ('00265','NV03','KH15', '10-3-2023', '10-3-2023');
	insert into HoaDon Values ('00266','NV03','KH16', '10-3-2023', '10-3-2023');
	insert into HoaDon Values ('00267','NV04','KH17', '10-3-2023', '10-3-2023');
	insert into HoaDon Values ('00268','NV04','KH18', '10-3-2023', '10-3-2023');
	insert into HoaDon Values ('00269','NV05','KH19', '11-3-2023', '11-3-2023');
	insert into HoaDon Values ('00270','NV05','KH20', '11-3-2023', '11-3-2023');
	insert into HoaDon Values ('00271','NV06','KH21', '11-3-2023', '11-3-2023');
	insert into HoaDon Values ('00272','NV06','KH22', '11-3-2023', '11-3-2023');
	insert into HoaDon Values ('00273','NV07','KH23', '12-3-2023', '12-3-2023');
	insert into HoaDon Values ('00274','NV07','KH24', '12-3-2023', '12-3-2023');
	insert into HoaDon Values ('00275','NV08','KH25', '12-3-2023', '12-3-2023');
	insert into HoaDon Values ('00276','NV08','KH26', '12-3-2023', '12-3-2023');
	insert into HoaDon Values ('00277','NV09','KH27', '13-3-2023', '13-3-2023');
	insert into HoaDon Values ('00278','NV09','KH28', '13-3-2023', '13-3-2023');
	insert into HoaDon Values ('00279','NV10','KH29', '13-3-2023', '13-3-2023');
	insert into HoaDon Values ('00280','NV10','KH30', '13-3-2023', '13-3-2023');
	insert into HoaDon Values ('00281','NV01','KH31', '14-3-2023', '14-3-2023');
	insert into HoaDon Values ('00282','NV01','KH32', '14-3-2023', '14-3-2023');
	insert into HoaDon Values ('00283','NV02','KH33', '14-3-2023', '14-3-2023');
	insert into HoaDon Values ('00284','NV02','KH34', '14-3-2023', '14-3-2023');
	insert into HoaDon Values ('00285','NV03','KH35', '15-3-2023', '15-3-2023');
	insert into HoaDon Values ('00286','NV03','KH36', '15-3-2023', '15-3-2023');
	insert into HoaDon Values ('00287','NV04','KH37', '15-3-2023', '15-3-2023');
	insert into HoaDon Values ('00288','NV04','KH38', '15-3-2023', '15-3-2023');
	insert into HoaDon Values ('00289','NV05','KH39', '16-3-2023', '16-3-2023');
	insert into HoaDon Values ('00290','NV05','KH40', '16-3-2023', '16-3-2023');
	insert into HoaDon Values ('00291','NV06','KH41', '16-3-2023', '16-3-2023');
	insert into HoaDon Values ('00292','NV06','KH42', '16-3-2023', '16-3-2023');
	insert into HoaDon Values ('00293','NV07','KH43', '17-3-2023', '17-3-2023');
	insert into HoaDon Values ('00294','NV07','KH44', '17-3-2023', '17-3-2023');
	insert into HoaDon Values ('00295','NV08','KH45', '17-3-2023', '17-3-2023');
	insert into HoaDon Values ('00296','NV08','KH46', '17-3-2023', '17-3-2023');
	insert into HoaDon Values ('00297','NV09','KH47', '18-3-2023', '18-3-2023');
	insert into HoaDon Values ('00298','NV09','KH48', '18-3-2023', '18-3-2023');
	insert into HoaDon Values ('00299','NV10','KH49', '18-3-2023', '18-3-2023');
	insert into HoaDon Values ('00300','NV10','KH50', '18-3-2023', '18-3-2023');
	insert into HoaDon Values ('00301','NV01','KH01', '19-3-2023', '19-3-2023');
	insert into HoaDon Values ('00302','NV01','KH02', '19-3-2023', '19-3-2023');
	insert into HoaDon Values ('00303','NV02','KH03', '19-3-2023', '19-3-2023');
	insert into HoaDon Values ('00304','NV02','KH04', '19-3-2023', '19-3-2023');
	insert into HoaDon Values ('00305','NV03','KH05', '20-3-2023', '20-3-2023');
	insert into HoaDon Values ('00306','NV03','KH06', '20-3-2023', '20-3-2023');
	insert into HoaDon Values ('00307','NV04','KH07', '20-3-2023', '20-3-2023');
	insert into HoaDon Values ('00308','NV04','KH08', '20-3-2023', '20-3-2023');
	insert into HoaDon Values ('00309','NV05','KH09', '21-3-2023', '21-3-2023');
	insert into HoaDon Values ('00310','NV05','KH10', '21-3-2023', '21-3-2023');
	insert into HoaDon Values ('00311','NV06','KH11', '21-3-2023', '21-3-2023');
	insert into HoaDon Values ('00312','NV06','KH12', '21-3-2023', '21-3-2023');
	insert into HoaDon Values ('00313','NV07','KH13', '22-3-2023', '22-3-2023');
	insert into HoaDon Values ('00314','NV07','KH14', '22-3-2023', '22-3-2023');
	insert into HoaDon Values ('00315','NV08','KH15', '22-3-2023', '22-3-2023');
	insert into HoaDon Values ('00316','NV08','KH16', '22-3-2023', '22-3-2023');
	insert into HoaDon Values ('00317','NV09','KH17', '23-3-2023', '23-3-2023');
	insert into HoaDon Values ('00318','NV09','KH18', '23-3-2023', '23-3-2023');
	insert into HoaDon Values ('00319','NV10','KH19', '23-3-2023', '23-3-2023');
	insert into HoaDon Values ('00320','NV10','KH20', '23-3-2023', '23-3-2023');
	insert into HoaDon Values ('00321','NV01','KH21', '24-3-2023', '24-3-2023');
	insert into HoaDon Values ('00322','NV01','KH22', '24-3-2023', '24-3-2023');
	insert into HoaDon Values ('00323','NV02','KH23', '24-3-2023', '24-3-2023');
	insert into HoaDon Values ('00324','NV02','KH24', '24-3-2023', '24-3-2023');
	insert into HoaDon Values ('00325','NV03','KH25', '25-3-2023', '25-3-2023');
	insert into HoaDon Values ('00326','NV03','KH26', '25-3-2023', '25-3-2023');
	insert into HoaDon Values ('00327','NV04','KH27', '25-3-2023', '25-3-2023');
	insert into HoaDon Values ('00328','NV04','KH28', '25-3-2023', '25-3-2023');
	insert into HoaDon Values ('00329','NV05','KH29', '26-3-2023', '26-3-2023');
	insert into HoaDon Values ('00330','NV05','KH30', '26-3-2023', '26-3-2023');
	insert into HoaDon Values ('00331','NV06','KH31', '26-3-2023', '26-3-2023');
	insert into HoaDon Values ('00332','NV06','KH32', '26-3-2023', '26-3-2023');
	insert into HoaDon Values ('00333','NV07','KH33', '27-3-2023', '27-3-2023');
	insert into HoaDon Values ('00334','NV07','KH34', '27-3-2023', '27-3-2023');
	insert into HoaDon Values ('00335','NV08','KH35', '27-3-2023', '27-3-2023');
	insert into HoaDon Values ('00336','NV08','KH36', '27-3-2023', '27-3-2023');
	insert into HoaDon Values ('00337','NV09','KH37', '28-3-2023', '28-3-2023');
	insert into HoaDon Values ('00338','NV09','KH38', '28-3-2023', '28-3-2023');
	insert into HoaDon Values ('00339','NV10','KH39', '28-3-2023', '28-3-2023');
	insert into HoaDon Values ('00340','NV10','KH40', '28-3-2023', '28-3-2023');
	insert into HoaDon Values ('00341','NV01','KH41', '29-3-2023', '29-3-2023');
	insert into HoaDon Values ('00342','NV01','KH42', '29-3-2023', '29-3-2023');
	insert into HoaDon Values ('00343','NV02','KH43', '29-3-2023', '29-3-2023');
	insert into HoaDon Values ('00344','NV02','KH44', '29-3-2023', '29-3-2023');
	insert into HoaDon Values ('00345','NV03','KH45', '30-3-2023', '30-3-2023');
	insert into HoaDon Values ('00346','NV03','KH46', '30-3-2023', '30-3-2023');
	insert into HoaDon Values ('00347','NV04','KH47', '30-3-2023', '30-3-2023');
	insert into HoaDon Values ('00348','NV04','KH48', '30-3-2023', '30-3-2023');
	insert into HoaDon Values ('00349','NV05','KH49', '1-4-2023', '1-4-2023');
	insert into HoaDon Values ('00350','NV05','KH50', '1-4-2023', '1-4-2023');
	insert into HoaDon Values ('00351','NV06','KH01', '1-4-2023', '1-4-2023');
	insert into HoaDon Values ('00352','NV06','KH02', '1-4-2023', '1-4-2023');
	insert into HoaDon Values ('00353','NV07','KH03', '2-4-2023', '2-4-2023');
	insert into HoaDon Values ('00354','NV07','KH04', '2-4-2023', '2-4-2023');
	insert into HoaDon Values ('00355','NV08','KH05', '2-4-2023', '2-4-2023');
	insert into HoaDon Values ('00356','NV08','KH06', '2-4-2023', '2-4-2023');
	insert into HoaDon Values ('00357','NV09','KH07', '3-4-2023', '3-4-2023');
	insert into HoaDon Values ('00358','NV09','KH08', '3-4-2023', '3-4-2023');
	insert into HoaDon Values ('00359','NV10','KH09', '3-4-2023', '3-4-2023');
	insert into HoaDon Values ('00360','NV10','KH10', '3-4-2023', '3-4-2023');
	insert into HoaDon Values ('00361','NV01','KH11', '4-4-2023', '4-4-2023');
	insert into HoaDon Values ('00362','NV01','KH12', '4-4-2023', '4-4-2023');
	insert into HoaDon Values ('00363','NV02','KH13', '4-4-2023', '4-4-2023');
	insert into HoaDon Values ('00364','NV02','KH14', '4-4-2023', '4-4-2023');
	insert into HoaDon Values ('00365','NV03','KH15', '5-4-2023', '5-4-2023');
	insert into HoaDon Values ('00366','NV03','KH16', '5-4-2023', '5-4-2023');
	insert into HoaDon Values ('00367','NV04','KH17', '5-4-2023', '5-4-2023');
	insert into HoaDon Values ('00368','NV04','KH18', '5-4-2023', '5-4-2023');
	insert into HoaDon Values ('00369','NV05','KH19', '6-4-2023', '6-4-2023');
	insert into HoaDon Values ('00370','NV05','KH20', '6-4-2023', '6-4-2023');
	insert into HoaDon Values ('00371','NV06','KH21', '6-4-2023', '6-4-2023');
	insert into HoaDon Values ('00372','NV06','KH22', '6-4-2023', '6-4-2023');
	insert into HoaDon Values ('00373','NV07','KH23', '7-4-2023', '7-4-2023');
	insert into HoaDon Values ('00374','NV07','KH24', '7-4-2023', '7-4-2023');
	insert into HoaDon Values ('00375','NV08','KH25', '7-4-2023', '7-4-2023');
	insert into HoaDon Values ('00376','NV08','KH26', '7-4-2023', '7-4-2023');
	insert into HoaDon Values ('00377','NV09','KH27', '8-4-2023', '8-4-2023');
	insert into HoaDon Values ('00378','NV09','KH28', '8-4-2023', '8-4-2023');
	insert into HoaDon Values ('00379','NV10','KH29', '8-4-2023', '8-4-2023');
	insert into HoaDon Values ('00380','NV10','KH30', '8-4-2023', '8-4-2023');
	insert into HoaDon Values ('00381','NV01','KH31', '9-4-2023', '9-4-2023');
	insert into HoaDon Values ('00382','NV01','KH32', '9-4-2023', '9-4-2023');
	insert into HoaDon Values ('00383','NV02','KH33', '9-4-2023', '9-4-2023');
	insert into HoaDon Values ('00384','NV02','KH34', '9-4-2023', '9-4-2023');
	insert into HoaDon Values ('00385','NV03','KH35', '10-4-2023', '10-4-2023');
	insert into HoaDon Values ('00386','NV03','KH36', '10-4-2023', '10-4-2023');
	insert into HoaDon Values ('00387','NV04','KH37', '10-4-2023', '10-4-2023');
	insert into HoaDon Values ('00388','NV04','KH38', '10-4-2023', '10-4-2023');
	insert into HoaDon Values ('00389','NV05','KH39', '11-4-2023', '11-4-2023');
	insert into HoaDon Values ('00390','NV05','KH40', '11-4-2023', '11-4-2023');
	insert into HoaDon Values ('00391','NV06','KH41', '11-4-2023', '11-4-2023');
	insert into HoaDon Values ('00392','NV06','KH42', '11-4-2023', '11-4-2023');
	insert into HoaDon Values ('00393','NV07','KH43', '12-4-2023', '12-4-2023');
	insert into HoaDon Values ('00394','NV07','KH44', '12-4-2023', '12-4-2023');
	insert into HoaDon Values ('00395','NV08','KH45', '12-4-2023', '12-4-2023');
	insert into HoaDon Values ('00396','NV08','KH46', '12-4-2023', '12-4-2023');
	insert into HoaDon Values ('00397','NV09','KH47', '13-4-2023', '13-4-2023');
	insert into HoaDon Values ('00398','NV09','KH48', '13-4-2023', '13-4-2023');
	insert into HoaDon Values ('00399','NV10','KH49', '13-4-2023', '13-4-2023');
	insert into HoaDon Values ('00400','NV10','KH50', '13-4-2023', '13-4-2023');
	insert into HoaDon Values ('00401','NV01','KH01', '14-4-2023', '14-4-2023');
	insert into HoaDon Values ('00402','NV01','KH02', '14-4-2023', '14-4-2023');
	insert into HoaDon Values ('00403','NV02','KH03', '14-4-2023', '14-4-2023');
	insert into HoaDon Values ('00404','NV02','KH04', '14-4-2023', '14-4-2023');
	insert into HoaDon Values ('00405','NV03','KH05', '15-4-2023', '15-4-2023');
	insert into HoaDon Values ('00406','NV03','KH06', '15-4-2023', '15-4-2023');
	insert into HoaDon Values ('00407','NV04','KH07', '15-4-2023', '15-4-2023');
	insert into HoaDon Values ('00408','NV04','KH08', '15-4-2023', '15-4-2023');
	insert into HoaDon Values ('00409','NV05','KH09', '16-4-2023', '16-4-2023');
	insert into HoaDon Values ('00410','NV05','KH10', '16-4-2023', '16-4-2023');
	insert into HoaDon Values ('00411','NV06','KH11', '16-4-2023', '16-4-2023');
	insert into HoaDon Values ('00412','NV06','KH12', '16-4-2023', '16-4-2023');
	insert into HoaDon Values ('00413','NV07','KH13', '17-4-2023', '17-4-2023');
	insert into HoaDon Values ('00414','NV07','KH14', '17-4-2023', '17-4-2023');
	insert into HoaDon Values ('00415','NV08','KH15', '17-4-2023', '17-4-2023');
	insert into HoaDon Values ('00416','NV08','KH16', '17-4-2023', '17-4-2023');
	insert into HoaDon Values ('00417','NV09','KH17', '18-4-2023', '18-4-2023');
	insert into HoaDon Values ('00418','NV09','KH18', '18-4-2023', '18-4-2023');
	insert into HoaDon Values ('00419','NV10','KH19', '18-4-2023', '18-4-2023');
	insert into HoaDon Values ('00420','NV10','KH20', '18-4-2023', '18-4-2023');
	insert into HoaDon Values ('00421','NV01','KH21', '19-4-2023', '19-4-2023');
	insert into HoaDon Values ('00422','NV01','KH22', '19-4-2023', '19-4-2023');
	insert into HoaDon Values ('00423','NV02','KH23', '19-4-2023', '19-4-2023');
	insert into HoaDon Values ('00424','NV02','KH24', '19-4-2023', '19-4-2023');
	insert into HoaDon Values ('00425','NV03','KH25', '20-4-2023', '20-4-2023');
	insert into HoaDon Values ('00426','NV03','KH26', '20-4-2023', '20-4-2023');
	insert into HoaDon Values ('00427','NV04','KH27', '20-4-2023', '20-4-2023');
	insert into HoaDon Values ('00428','NV04','KH28', '20-4-2023', '20-4-2023');
	insert into HoaDon Values ('00429','NV05','KH29', '21-4-2023', '21-4-2023');
	insert into HoaDon Values ('00430','NV05','KH30', '21-4-2023', '21-4-2023');
	insert into HoaDon Values ('00431','NV06','KH31', '21-4-2023', '21-4-2023');
	insert into HoaDon Values ('00432','NV06','KH32', '21-4-2023', '21-4-2023');
	insert into HoaDon Values ('00433','NV07','KH33', '22-4-2023', '22-4-2023');
	insert into HoaDon Values ('00434','NV07','KH34', '22-4-2023', '22-4-2023');
	insert into HoaDon Values ('00435','NV08','KH35', '22-4-2023', '22-4-2023');
	insert into HoaDon Values ('00436','NV08','KH36', '22-4-2023', '22-4-2023');
	insert into HoaDon Values ('00437','NV09','KH37', '23-4-2023', '23-4-2023');
	insert into HoaDon Values ('00438','NV09','KH38', '23-4-2023', '23-4-2023');
	insert into HoaDon Values ('00439','NV10','KH39', '23-4-2023', '23-4-2023');
	insert into HoaDon Values ('00440','NV10','KH40', '23-4-2023', '23-4-2023');
	insert into HoaDon Values ('00441','NV01','KH41', '24-4-2023', '24-4-2023');
	insert into HoaDon Values ('00442','NV01','KH42', '24-4-2023', '24-4-2023');
	insert into HoaDon Values ('00443','NV02','KH43', '24-4-2023', '24-4-2023');
	insert into HoaDon Values ('00444','NV02','KH44', '24-4-2023', '24-4-2023');
	insert into HoaDon Values ('00445','NV03','KH45', '25-4-2023', '25-4-2023');
	insert into HoaDon Values ('00446','NV03','KH46', '25-4-2023', '25-4-2023');
	insert into HoaDon Values ('00447','NV04','KH47', '25-4-2023', '25-4-2023');
	insert into HoaDon Values ('00448','NV04','KH48', '25-4-2023', '25-4-2023');
	insert into HoaDon Values ('00449','NV05','KH49', '26-4-2023', '26-4-2023');
	insert into HoaDon Values ('00450','NV05','KH50', '26-4-2023', '26-4-2023');
	insert into HoaDon Values ('00451','NV06','KH01', '26-4-2023', '26-4-2023');
	insert into HoaDon Values ('00452','NV06','KH02', '26-4-2023', '26-4-2023');
	insert into HoaDon Values ('00453','NV07','KH03', '27-4-2023', '27-4-2023');
	insert into HoaDon Values ('00454','NV07','KH04', '27-4-2023', '27-4-2023');
	insert into HoaDon Values ('00455','NV08','KH05', '27-4-2023', '27-4-2023');
	insert into HoaDon Values ('00456','NV08','KH06', '27-4-2023', '27-4-2023');
	insert into HoaDon Values ('00457','NV09','KH07', '28-4-2023', '28-4-2023');
	insert into HoaDon Values ('00458','NV09','KH08', '28-4-2023', '28-4-2023');
	insert into HoaDon Values ('00459','NV10','KH09', '28-4-2023', '28-4-2023');
	insert into HoaDon Values ('00460','NV10','KH10', '28-4-2023', '28-4-2023');
	insert into HoaDon Values ('00461','NV01','KH11', '29-4-2023', '29-4-2023');
	insert into HoaDon Values ('00462','NV01','KH12', '29-4-2023', '29-4-2023');
	insert into HoaDon Values ('00463','NV02','KH13', '29-4-2023', '29-4-2023');
	insert into HoaDon Values ('00464','NV02','KH14', '29-4-2023', '29-4-2023');
	insert into HoaDon Values ('00465','NV03','KH15', '30-4-2023', '30-4-2023');
	insert into HoaDon Values ('00466','NV03','KH16', '30-4-2023', '30-4-2023');
	insert into HoaDon Values ('00467','NV04','KH17', '30-4-2023', '30-4-2023');
	insert into HoaDon Values ('00468','NV04','KH18', '30-4-2023', '30-4-2023');
	insert into HoaDon Values ('00469','NV05','KH19', '1-5-2023', '1-5-2023');
	insert into HoaDon Values ('00470','NV05','KH20', '1-5-2023', '1-5-2023');
	insert into HoaDon Values ('00471','NV06','KH21', '1-5-2023', '1-5-2023');
	insert into HoaDon Values ('00472','NV06','KH22', '1-5-2023', '1-5-2023');
	insert into HoaDon Values ('00473','NV07','KH23', '2-5-2023', '2-5-2023');
	insert into HoaDon Values ('00474','NV07','KH24', '2-5-2023', '2-5-2023');
	insert into HoaDon Values ('00475','NV08','KH25', '2-5-2023', '2-5-2023');
	insert into HoaDon Values ('00476','NV08','KH26', '2-5-2023', '2-5-2023');
	insert into HoaDon Values ('00477','NV09','KH27', '3-5-2023', '3-5-2023');
	insert into HoaDon Values ('00478','NV09','KH28', '3-5-2023', '3-5-2023');
	insert into HoaDon Values ('00479','NV10','KH29', '3-5-2023', '3-5-2023');
	insert into HoaDon Values ('00480','NV10','KH30', '3-5-2023', '3-5-2023');
	insert into HoaDon Values ('00481','NV01','KH31', '4-5-2023', '4-5-2023');
	insert into HoaDon Values ('00482','NV01','KH32', '4-5-2023', '4-5-2023');
	insert into HoaDon Values ('00483','NV02','KH33', '4-5-2023', '4-5-2023');
	insert into HoaDon Values ('00484','NV02','KH34', '4-5-2023', '4-5-2023');
	insert into HoaDon Values ('00485','NV03','KH35', '5-5-2023', '5-5-2023');
	insert into HoaDon Values ('00486','NV03','KH36', '5-5-2023', '5-5-2023');
	insert into HoaDon Values ('00487','NV04','KH37', '5-5-2023', '5-5-2023');
	insert into HoaDon Values ('00488','NV04','KH38', '5-5-2023', '5-5-2023');
	insert into HoaDon Values ('00489','NV05','KH39', '6-5-2023', '6-5-2023');
	insert into HoaDon Values ('00490','NV05','KH40', '6-5-2023', '6-5-2023');
	insert into HoaDon Values ('00491','NV06','KH41', '6-5-2023', '6-5-2023');
	insert into HoaDon Values ('00492','NV06','KH42', '6-5-2023', '6-5-2023');
	insert into HoaDon Values ('00493','NV07','KH43', '7-5-2023', '7-5-2023');
	insert into HoaDon Values ('00494','NV07','KH44', '7-5-2023', '7-5-2023');
	insert into HoaDon Values ('00495','NV08','KH45', '7-5-2023', '7-5-2023');
	insert into HoaDon Values ('00496','NV08','KH46', '7-5-2023', '7-5-2023');
	insert into HoaDon Values ('00497','NV09','KH47', '8-5-2023', '8-5-2023');
	insert into HoaDon Values ('00498','NV09','KH48', '8-5-2023', '8-5-2023');
	insert into HoaDon Values ('00499','NV10','KH49', '8-5-2023', '8-5-2023');
	insert into HoaDon Values ('00500','NV10','KH50', '8-5-2023', '8-5-2023');
	insert into HoaDon Values ('00501','NV01','KH01', '9-5-2023', '9-5-2023');
	insert into HoaDon Values ('00502','NV01','KH02', '9-5-2023', '9-5-2023');
	insert into HoaDon Values ('00503','NV02','KH03', '9-5-2023', '9-5-2023');
	insert into HoaDon Values ('00504','NV02','KH04', '9-5-2023', '9-5-2023');
	insert into HoaDon Values ('00505','NV03','KH05', '10-5-2023', '10-5-2023');
	insert into HoaDon Values ('00506','NV03','KH06', '10-5-2023', '10-5-2023');
	insert into HoaDon Values ('00507','NV04','KH07', '10-5-2023', '10-5-2023');
	insert into HoaDon Values ('00508','NV04','KH08', '10-5-2023', '10-5-2023');
	insert into HoaDon Values ('00509','NV05','KH09', '11-5-2023', '11-5-2023');
	insert into HoaDon Values ('00510','NV05','KH10', '11-5-2023', '11-5-2023');
	insert into HoaDon Values ('00511','NV06','KH11', '11-5-2023', '11-5-2023');
	insert into HoaDon Values ('00512','NV06','KH12', '11-5-2023', '11-5-2023');
	insert into HoaDon Values ('00513','NV07','KH13', '12-5-2023', '12-5-2023');
	insert into HoaDon Values ('00514','NV07','KH14', '12-5-2023', '12-5-2023');
	insert into HoaDon Values ('00515','NV08','KH15', '12-5-2023', '12-5-2023');
	insert into HoaDon Values ('00516','NV08','KH16', '12-5-2023', '12-5-2023');
	insert into HoaDon Values ('00517','NV09','KH17', '13-5-2023', '13-5-2023');
	insert into HoaDon Values ('00518','NV09','KH18', '13-5-2023', '13-5-2023');
	insert into HoaDon Values ('00519','NV10','KH19', '13-5-2023', '13-5-2023');
	insert into HoaDon Values ('00520','NV10','KH20', '13-5-2023', '13-5-2023');
	insert into HoaDon Values ('00521','NV01','KH21', '14-5-2023', '14-5-2023');
	insert into HoaDon Values ('00522','NV01','KH22', '14-5-2023', '14-5-2023');
	insert into HoaDon Values ('00523','NV02','KH23', '14-5-2023', '14-5-2023');
	insert into HoaDon Values ('00524','NV02','KH24', '14-5-2023', '14-5-2023');
	insert into HoaDon Values ('00525','NV03','KH25', '15-5-2023', '15-5-2023');
	insert into HoaDon Values ('00526','NV03','KH26', '15-5-2023', '15-5-2023');
	insert into HoaDon Values ('00527','NV04','KH27', '15-5-2023', '15-5-2023');
	insert into HoaDon Values ('00528','NV04','KH28', '15-5-2023', '15-5-2023');
	insert into HoaDon Values ('00529','NV05','KH29', '16-5-2023', '16-5-2023');
	insert into HoaDon Values ('00530','NV05','KH30', '16-5-2023', '16-5-2023');
	insert into HoaDon Values ('00531','NV06','KH31', '16-5-2023', '16-5-2023');
	insert into HoaDon Values ('00532','NV06','KH32', '16-5-2023', '16-5-2023');
	insert into HoaDon Values ('00533','NV07','KH33', '17-5-2023', '17-5-2023');
	insert into HoaDon Values ('00534','NV07','KH34', '17-5-2023', '17-5-2023');
	insert into HoaDon Values ('00535','NV08','KH35', '17-5-2023', '17-5-2023');
	insert into HoaDon Values ('00536','NV08','KH36', '17-5-2023', '17-5-2023');
	insert into HoaDon Values ('00537','NV09','KH37', '18-5-2023', '18-5-2023');
	insert into HoaDon Values ('00538','NV09','KH38', '18-5-2023', '18-5-2023');
	insert into HoaDon Values ('00539','NV10','KH39', '18-5-2023', '18-5-2023');
	insert into HoaDon Values ('00540','NV10','KH40', '18-5-2023', '18-5-2023');
	insert into HoaDon Values ('00541','NV01','KH41', '19-5-2023', '19-5-2023');
	insert into HoaDon Values ('00542','NV01','KH42', '19-5-2023', '19-5-2023');
	insert into HoaDon Values ('00543','NV02','KH43', '19-5-2023', '19-5-2023');
	insert into HoaDon Values ('00544','NV02','KH44', '19-5-2023', '19-5-2023');
	insert into HoaDon Values ('00545','NV03','KH45', '20-5-2023', '20-5-2023');
	insert into HoaDon Values ('00546','NV03','KH46', '20-5-2023', '20-5-2023');
	insert into HoaDon Values ('00547','NV04','KH47', '20-5-2023', '20-5-2023');
	insert into HoaDon Values ('00548','NV04','KH48', '20-5-2023', '20-5-2023');
	insert into HoaDon Values ('00549','NV05','KH49', '21-5-2023', '21-5-2023');
	insert into HoaDon Values ('00550','NV05','KH50', '21-5-2023', '21-5-2023');
	insert into HoaDon Values ('00551','NV06','KH01', '21-5-2023', '21-5-2023');
	insert into HoaDon Values ('00552','NV06','KH02', '21-5-2023', '21-5-2023');
	insert into HoaDon Values ('00553','NV07','KH03', '22-5-2023', '22-5-2023');
	insert into HoaDon Values ('00554','NV07','KH04', '22-5-2023', '22-5-2023');
	insert into HoaDon Values ('00555','NV08','KH05', '22-5-2023', '22-5-2023');
	insert into HoaDon Values ('00556','NV08','KH06', '22-5-2023', '22-5-2023');
	insert into HoaDon Values ('00557','NV09','KH07', '23-5-2023', '23-5-2023');
	insert into HoaDon Values ('00558','NV09','KH08', '23-5-2023', '23-5-2023');
	insert into HoaDon Values ('00559','NV10','KH09', '23-5-2023', '23-5-2023');
	insert into HoaDon Values ('00560','NV10','KH10', '23-5-2023', '23-5-2023');
	insert into HoaDon Values ('00561','NV01','KH11', '24-5-2023', '24-5-2023');
	insert into HoaDon Values ('00562','NV01','KH12', '24-5-2023', '24-5-2023');
	insert into HoaDon Values ('00563','NV02','KH13', '24-5-2023', '24-5-2023');
	insert into HoaDon Values ('00564','NV02','KH14', '24-5-2023', '24-5-2023');
	insert into HoaDon Values ('00565','NV03','KH15', '25-5-2023', '25-5-2023');
	insert into HoaDon Values ('00566','NV03','KH16', '25-5-2023', '25-5-2023');
	insert into HoaDon Values ('00567','NV04','KH17', '25-5-2023', '25-5-2023');
	insert into HoaDon Values ('00568','NV04','KH18', '25-5-2023', '25-5-2023');
	insert into HoaDon Values ('00569','NV05','KH19', '26-5-2023', '26-5-2023');
	insert into HoaDon Values ('00570','NV05','KH20', '26-5-2023', '26-5-2023');
	insert into HoaDon Values ('00571','NV06','KH21', '26-5-2023', '26-5-2023');
	insert into HoaDon Values ('00572','NV06','KH22', '26-5-2023', '26-5-2023');
	insert into HoaDon Values ('00573','NV07','KH23', '27-5-2023', '27-5-2023');
	insert into HoaDon Values ('00574','NV07','KH24', '27-5-2023', '27-5-2023');
	insert into HoaDon Values ('00575','NV08','KH25', '27-5-2023', '27-5-2023');
	insert into HoaDon Values ('00576','NV08','KH26', '27-5-2023', '27-5-2023');
	insert into HoaDon Values ('00577','NV09','KH27', '28-5-2023', '28-5-2023');
	insert into HoaDon Values ('00578','NV09','KH28', '28-5-2023', '28-5-2023');
	insert into HoaDon Values ('00579','NV10','KH29', '28-5-2023', '28-5-2023');
	insert into HoaDon Values ('00580','NV10','KH30', '28-5-2023', '28-5-2023');
	insert into HoaDon Values ('00581','NV01','KH31', '29-5-2023', '29-5-2023');
	insert into HoaDon Values ('00582','NV01','KH32', '29-5-2023', '29-5-2023');
	insert into HoaDon Values ('00583','NV02','KH33', '29-5-2023', '29-5-2023');
	insert into HoaDon Values ('00584','NV02','KH34', '29-5-2023', '29-5-2023');
	insert into HoaDon Values ('00585','NV03','KH35', '30-5-2023', '30-5-2023');
	insert into HoaDon Values ('00586','NV03','KH36', '30-5-2023', '30-5-2023');
	insert into HoaDon Values ('00587','NV04','KH37', '30-5-2023', '30-5-2023');
	insert into HoaDon Values ('00588','NV04','KH38', '30-5-2023', '30-5-2023');
	insert into HoaDon Values ('00589','NV05','KH39', '1-6-2023', '1-6-2023');
	insert into HoaDon Values ('00590','NV05','KH40', '1-6-2023', '1-6-2023');
	insert into HoaDon Values ('00591','NV06','KH41', '1-6-2023', '1-6-2023');
	insert into HoaDon Values ('00592','NV06','KH42', '1-6-2023', '1-6-2023');
	insert into HoaDon Values ('00593','NV07','KH43', '2-6-2023', '2-6-2023');
	insert into HoaDon Values ('00594','NV07','KH44', '2-6-2023', '2-6-2023');
	insert into HoaDon Values ('00595','NV08','KH45', '2-6-2023', '2-6-2023');
	insert into HoaDon Values ('00596','NV08','KH46', '2-6-2023', '2-6-2023');
	insert into HoaDon Values ('00597','NV09','KH47', '3-6-2023', '3-6-2023');
	insert into HoaDon Values ('00598','NV09','KH48', '3-6-2023', '3-6-2023');
	insert into HoaDon Values ('00599','NV10','KH49', '3-6-2023', '3-6-2023');
	insert into HoaDon Values ('00600','NV10','KH50', '3-6-2023', '3-6-2023');
	insert into HoaDon Values ('00601','NV01','KH01', '4-6-2023', '4-6-2023');
	insert into HoaDon Values ('00602','NV01','KH02', '4-6-2023', '4-6-2023');
	insert into HoaDon Values ('00603','NV02','KH03', '4-6-2023', '4-6-2023');
	insert into HoaDon Values ('00604','NV02','KH04', '4-6-2023', '4-6-2023');
	insert into HoaDon Values ('00605','NV03','KH05', '5-6-2023', '5-6-2023');
	insert into HoaDon Values ('00606','NV03','KH06', '5-6-2023', '5-6-2023');
	insert into HoaDon Values ('00607','NV04','KH07', '5-6-2023', '5-6-2023');
	insert into HoaDon Values ('00608','NV04','KH08', '5-6-2023', '5-6-2023');
	insert into HoaDon Values ('00609','NV05','KH09', '6-6-2023', '6-6-2023');
	insert into HoaDon Values ('00610','NV05','KH10', '6-6-2023', '6-6-2023');
	insert into HoaDon Values ('00611','NV06','KH11', '6-6-2023', '6-6-2023');
	insert into HoaDon Values ('00612','NV06','KH12', '6-6-2023', '6-6-2023');
	insert into HoaDon Values ('00613','NV07','KH13', '7-6-2023', '7-6-2023');
	insert into HoaDon Values ('00614','NV07','KH14', '7-6-2023', '7-6-2023');
	insert into HoaDon Values ('00615','NV08','KH15', '7-6-2023', '7-6-2023');
	insert into HoaDon Values ('00616','NV08','KH16', '7-6-2023', '7-6-2023');
	insert into HoaDon Values ('00617','NV09','KH17', '8-6-2023', '8-6-2023');
	insert into HoaDon Values ('00618','NV09','KH18', '8-6-2023', '8-6-2023');
	insert into HoaDon Values ('00619','NV10','KH19', '8-6-2023', '8-6-2023');
	insert into HoaDon Values ('00620','NV10','KH20', '8-6-2023', '8-6-2023');
	insert into HoaDon Values ('00621','NV01','KH21', '9-6-2023', '9-6-2023');
	insert into HoaDon Values ('00622','NV01','KH22', '9-6-2023', '9-6-2023');
	insert into HoaDon Values ('00623','NV02','KH23', '9-6-2023', '9-6-2023');
	insert into HoaDon Values ('00624','NV02','KH24', '9-6-2023', '9-6-2023');
	insert into HoaDon Values ('00625','NV03','KH25', '10-6-2023', '10-6-2023');
	insert into HoaDon Values ('00626','NV03','KH26', '10-6-2023', '10-6-2023');
	insert into HoaDon Values ('00627','NV04','KH27', '10-6-2023', '10-6-2023');
	insert into HoaDon Values ('00628','NV04','KH28', '10-6-2023', '10-6-2023');
	insert into HoaDon Values ('00629','NV05','KH29', '11-6-2023', '11-6-2023');
	insert into HoaDon Values ('00630','NV05','KH30', '11-6-2023', '11-6-2023');
	insert into HoaDon Values ('00631','NV06','KH31', '11-6-2023', '11-6-2023');
	insert into HoaDon Values ('00632','NV06','KH32', '11-6-2023', '11-6-2023');
	insert into HoaDon Values ('00633','NV07','KH33', '12-6-2023', '12-6-2023');
	insert into HoaDon Values ('00634','NV07','KH34', '12-6-2023', '12-6-2023');
	insert into HoaDon Values ('00635','NV08','KH35', '12-6-2023', '12-6-2023');
	insert into HoaDon Values ('00636','NV08','KH36', '12-6-2023', '12-6-2023');
	insert into HoaDon Values ('00637','NV09','KH37', '13-6-2023', '13-6-2023');
	insert into HoaDon Values ('00638','NV09','KH38', '13-6-2023', '13-6-2023');
	insert into HoaDon Values ('00639','NV10','KH39', '13-6-2023', '13-6-2023');
	insert into HoaDon Values ('00640','NV10','KH40', '13-6-2023', '13-6-2023');
	insert into HoaDon Values ('00641','NV01','KH41', '14-6-2023', '14-6-2023');
	insert into HoaDon Values ('00642','NV01','KH42', '14-6-2023', '14-6-2023');
	insert into HoaDon Values ('00643','NV02','KH43', '14-6-2023', '14-6-2023');
	insert into HoaDon Values ('00644','NV02','KH44', '14-6-2023', '14-6-2023');
	insert into HoaDon Values ('00645','NV03','KH45', '15-6-2023', '15-6-2023');
	insert into HoaDon Values ('00646','NV03','KH46', '15-6-2023', '15-6-2023');
	insert into HoaDon Values ('00647','NV04','KH47', '15-6-2023', '15-6-2023');
	insert into HoaDon Values ('00648','NV04','KH48', '15-6-2023', '15-6-2023');
	insert into HoaDon Values ('00649','NV05','KH49', '16-6-2023', '16-6-2023');
	insert into HoaDon Values ('00650','NV05','KH50', '16-6-2023', '16-6-2023');
	insert into HoaDon Values ('00651','NV06','KH01', '16-6-2023', '16-6-2023');
	insert into HoaDon Values ('00652','NV06','KH02', '16-6-2023', '16-6-2023');
	insert into HoaDon Values ('00653','NV07','KH03', '17-6-2023', '17-6-2023');
	insert into HoaDon Values ('00654','NV07','KH04', '17-6-2023', '17-6-2023');
	insert into HoaDon Values ('00655','NV08','KH05', '17-6-2023', '17-6-2023');
	insert into HoaDon Values ('00656','NV08','KH06', '17-6-2023', '17-6-2023');
	insert into HoaDon Values ('00657','NV09','KH07', '18-6-2023', '18-6-2023');
	insert into HoaDon Values ('00658','NV09','KH08', '18-6-2023', '18-6-2023');
	insert into HoaDon Values ('00659','NV10','KH09', '18-6-2023', '18-6-2023');
	insert into HoaDon Values ('00660','NV10','KH10', '18-6-2023', '18-6-2023');
	insert into HoaDon Values ('00661','NV01','KH11', '19-6-2023', '19-6-2023');
	insert into HoaDon Values ('00662','NV01','KH12', '19-6-2023', '19-6-2023');
	insert into HoaDon Values ('00663','NV02','KH13', '19-6-2023', '19-6-2023');
	insert into HoaDon Values ('00664','NV02','KH14', '19-6-2023', '19-6-2023');
	insert into HoaDon Values ('00665','NV03','KH15', '20-6-2023', '20-6-2023');
	insert into HoaDon Values ('00666','NV03','KH16', '20-6-2023', '20-6-2023');
	insert into HoaDon Values ('00667','NV04','KH17', '20-6-2023', '20-6-2023');
	insert into HoaDon Values ('00668','NV04','KH18', '20-6-2023', '20-6-2023');
	insert into HoaDon Values ('00669','NV05','KH19', '21-6-2023', '21-6-2023');
	insert into HoaDon Values ('00670','NV05','KH20', '21-6-2023', '21-6-2023');
	insert into HoaDon Values ('00671','NV06','KH21', '21-6-2023', '21-6-2023');
	insert into HoaDon Values ('00672','NV06','KH22', '21-6-2023', '21-6-2023');
	insert into HoaDon Values ('00673','NV07','KH23', '22-6-2023', '22-6-2023');
	insert into HoaDon Values ('00674','NV07','KH24', '22-6-2023', '22-6-2023');
	insert into HoaDon Values ('00675','NV08','KH25', '22-6-2023', '22-6-2023');
	insert into HoaDon Values ('00676','NV08','KH26', '22-6-2023', '22-6-2023');
	insert into HoaDon Values ('00677','NV09','KH27', '23-6-2023', '23-6-2023');
	insert into HoaDon Values ('00678','NV09','KH28', '23-6-2023', '23-6-2023');
	insert into HoaDon Values ('00679','NV10','KH29', '23-6-2023', '23-6-2023');
	insert into HoaDon Values ('00680','NV10','KH30', '23-6-2023', '23-6-2023');
	insert into HoaDon Values ('00681','NV01','KH31', '24-6-2023', '24-6-2023');
	insert into HoaDon Values ('00682','NV01','KH32', '24-6-2023', '24-6-2023');
	insert into HoaDon Values ('00683','NV02','KH33', '24-6-2023', '24-6-2023');
	insert into HoaDon Values ('00684','NV02','KH34', '24-6-2023', '24-6-2023');
	insert into HoaDon Values ('00685','NV03','KH35', '25-6-2023', '25-6-2023');
	insert into HoaDon Values ('00686','NV03','KH36', '25-6-2023', '25-6-2023');
	insert into HoaDon Values ('00687','NV04','KH37', '25-6-2023', '25-6-2023');
	insert into HoaDon Values ('00688','NV04','KH38', '25-6-2023', '25-6-2023');
	insert into HoaDon Values ('00689','NV05','KH39', '26-6-2023', '26-6-2023');
	insert into HoaDon Values ('00690','NV05','KH40', '26-6-2023', '26-6-2023');
	insert into HoaDon Values ('00691','NV06','KH41', '26-6-2023', '26-6-2023');
	insert into HoaDon Values ('00692','NV06','KH42', '26-6-2023', '26-6-2023');
	insert into HoaDon Values ('00693','NV07','KH43', '27-6-2023', '27-6-2023');
	insert into HoaDon Values ('00694','NV07','KH44', '27-6-2023', '27-6-2023');
	insert into HoaDon Values ('00695','NV08','KH45', '27-6-2023', '27-6-2023');
	insert into HoaDon Values ('00696','NV08','KH46', '27-6-2023', '27-6-2023');
	insert into HoaDon Values ('00697','NV09','KH47', '28-6-2023', '28-6-2023');
	insert into HoaDon Values ('00698','NV09','KH48', '28-6-2023', '28-6-2023');
	insert into HoaDon Values ('00699','NV10','KH49', '28-6-2023', '28-6-2023');
	insert into HoaDon Values ('00700','NV10','KH50', '28-6-2023', '28-6-2023');
	insert into HoaDon Values ('00701','NV01','KH01', '29-6-2023', '29-6-2023');
	insert into HoaDon Values ('00702','NV01','KH02', '29-6-2023', '29-6-2023');
	insert into HoaDon Values ('00703','NV02','KH03', '29-6-2023', '29-6-2023');
	insert into HoaDon Values ('00704','NV02','KH04', '29-6-2023', '29-6-2023');
	insert into HoaDon Values ('00705','NV03','KH05', '30-6-2023', '30-6-2023');
	insert into HoaDon Values ('00706','NV03','KH06', '30-6-2023', '30-6-2023');
	insert into HoaDon Values ('00707','NV04','KH07', '30-6-2023', '30-6-2023');
	insert into HoaDon Values ('00708','NV04','KH08', '30-6-2023', '30-6-2023');
	insert into HoaDon Values ('00709','NV05','KH09', '1-7-2023', '1-7-2023');
	insert into HoaDon Values ('00710','NV05','KH10', '1-7-2023', '1-7-2023');
	insert into HoaDon Values ('00711','NV06','KH11', '1-7-2023', '1-7-2023');
	insert into HoaDon Values ('00712','NV06','KH12', '1-7-2023', '1-7-2023');
	insert into HoaDon Values ('00713','NV07','KH13', '2-7-2023', '2-7-2023');
	insert into HoaDon Values ('00714','NV07','KH14', '2-7-2023', '2-7-2023');
	insert into HoaDon Values ('00715','NV08','KH15', '2-7-2023', '2-7-2023');
	insert into HoaDon Values ('00716','NV08','KH16', '2-7-2023', '2-7-2023');
	insert into HoaDon Values ('00717','NV09','KH17', '3-7-2023', '3-7-2023');
	insert into HoaDon Values ('00718','NV09','KH18', '3-7-2023', '3-7-2023');
	insert into HoaDon Values ('00719','NV10','KH19', '3-7-2023', '3-7-2023');
	insert into HoaDon Values ('00720','NV10','KH20', '3-7-2023', '3-7-2023');
	insert into HoaDon Values ('00721','NV01','KH21', '4-7-2023', '4-7-2023');
	insert into HoaDon Values ('00722','NV01','KH22', '4-7-2023', '4-7-2023');
	insert into HoaDon Values ('00723','NV02','KH23', '4-7-2023', '4-7-2023');
	insert into HoaDon Values ('00724','NV02','KH24', '4-7-2023', '4-7-2023');
	insert into HoaDon Values ('00725','NV03','KH25', '5-7-2023', '5-7-2023');
	insert into HoaDon Values ('00726','NV03','KH26', '5-7-2023', '5-7-2023');
	insert into HoaDon Values ('00727','NV04','KH27', '5-7-2023', '5-7-2023');
	insert into HoaDon Values ('00728','NV04','KH28', '5-7-2023', '5-7-2023');
	insert into HoaDon Values ('00729','NV05','KH29', '6-7-2023', '6-7-2023');
	insert into HoaDon Values ('00730','NV05','KH30', '6-7-2023', '6-7-2023');
	insert into HoaDon Values ('00731','NV06','KH31', '6-7-2023', '6-7-2023');
	insert into HoaDon Values ('00732','NV06','KH32', '6-7-2023', '6-7-2023');
	insert into HoaDon Values ('00733','NV07','KH33', '7-7-2023', '7-7-2023');
	insert into HoaDon Values ('00734','NV07','KH34', '7-7-2023', '7-7-2023');
	insert into HoaDon Values ('00735','NV08','KH35', '7-7-2023', '7-7-2023');
	insert into HoaDon Values ('00736','NV08','KH36', '7-7-2023', '7-7-2023');
	insert into HoaDon Values ('00737','NV09','KH37', '8-7-2023', '8-7-2023');
	insert into HoaDon Values ('00738','NV09','KH38', '8-7-2023', '8-7-2023');
	insert into HoaDon Values ('00739','NV10','KH39', '8-7-2023', '8-7-2023');
	insert into HoaDon Values ('00740','NV10','KH40', '8-7-2023', '8-7-2023');
	insert into HoaDon Values ('00741','NV01','KH41', '9-7-2023', '9-7-2023');
	insert into HoaDon Values ('00742','NV01','KH42', '9-7-2023', '9-7-2023');
	insert into HoaDon Values ('00743','NV02','KH43', '9-7-2023', '9-7-2023');
	insert into HoaDon Values ('00744','NV02','KH44', '9-7-2023', '9-7-2023');
	insert into HoaDon Values ('00745','NV03','KH45', '10-7-2023', '10-7-2023');
	insert into HoaDon Values ('00746','NV03','KH46', '10-7-2023', '10-7-2023');
	insert into HoaDon Values ('00747','NV04','KH47', '10-7-2023', '10-7-2023');
	insert into HoaDon Values ('00748','NV04','KH48', '10-7-2023', '10-7-2023');
	insert into HoaDon Values ('00749','NV05','KH49', '11-7-2023', '11-7-2023');
	insert into HoaDon Values ('00750','NV05','KH50', '11-7-2023', '11-7-2023');
	insert into HoaDon Values ('00751','NV06','KH01', '11-7-2023', '11-7-2023');
	insert into HoaDon Values ('00752','NV06','KH02', '11-7-2023', '11-7-2023');
	insert into HoaDon Values ('00753','NV07','KH03', '12-7-2023', '12-7-2023');
	insert into HoaDon Values ('00754','NV07','KH04', '12-7-2023', '12-7-2023');
	insert into HoaDon Values ('00755','NV08','KH05', '12-7-2023', '12-7-2023');
	insert into HoaDon Values ('00756','NV08','KH06', '12-7-2023', '12-7-2023');
	insert into HoaDon Values ('00757','NV09','KH07', '13-7-2023', '13-7-2023');
	insert into HoaDon Values ('00758','NV09','KH08', '13-7-2023', '13-7-2023');
	insert into HoaDon Values ('00759','NV10','KH09', '13-7-2023', '13-7-2023');
	insert into HoaDon Values ('00760','NV10','KH10', '13-7-2023', '13-7-2023');
	insert into HoaDon Values ('00761','NV01','KH11', '14-7-2023', '14-7-2023');
	insert into HoaDon Values ('00762','NV01','KH12', '14-7-2023', '14-7-2023');
	insert into HoaDon Values ('00763','NV02','KH13', '14-7-2023', '14-7-2023');
	insert into HoaDon Values ('00764','NV02','KH14', '14-7-2023', '14-7-2023');
	insert into HoaDon Values ('00765','NV03','KH15', '15-7-2023', '15-7-2023');
	insert into HoaDon Values ('00766','NV03','KH16', '15-7-2023', '15-7-2023');
	insert into HoaDon Values ('00767','NV04','KH17', '15-7-2023', '15-7-2023');
	insert into HoaDon Values ('00768','NV04','KH18', '15-7-2023', '15-7-2023');
	insert into HoaDon Values ('00769','NV05','KH19', '16-7-2023', '16-7-2023');
	insert into HoaDon Values ('00770','NV05','KH20', '16-7-2023', '16-7-2023');
	insert into HoaDon Values ('00771','NV06','KH21', '16-7-2023', '16-7-2023');
	insert into HoaDon Values ('00772','NV06','KH22', '16-7-2023', '16-7-2023');
	insert into HoaDon Values ('00773','NV07','KH23', '17-7-2023', '17-7-2023');
	insert into HoaDon Values ('00774','NV07','KH24', '17-7-2023', '17-7-2023');
	insert into HoaDon Values ('00775','NV08','KH25', '17-7-2023', '17-7-2023');
	insert into HoaDon Values ('00776','NV08','KH26', '17-7-2023', '17-7-2023');
	insert into HoaDon Values ('00777','NV09','KH27', '18-7-2023', '18-7-2023');
	insert into HoaDon Values ('00778','NV09','KH28', '18-7-2023', '18-7-2023');
	insert into HoaDon Values ('00779','NV10','KH29', '18-7-2023', '18-7-2023');
	insert into HoaDon Values ('00780','NV10','KH30', '18-7-2023', '18-7-2023');
	insert into HoaDon Values ('00781','NV01','KH31', '19-7-2023', '19-7-2023');
	insert into HoaDon Values ('00782','NV01','KH32', '19-7-2023', '19-7-2023');
	insert into HoaDon Values ('00783','NV02','KH33', '19-7-2023', '19-7-2023');
	insert into HoaDon Values ('00784','NV02','KH34', '19-7-2023', '19-7-2023');
	insert into HoaDon Values ('00785','NV03','KH35', '20-7-2023', '20-7-2023');
	insert into HoaDon Values ('00786','NV03','KH36', '20-7-2023', '20-7-2023');
	insert into HoaDon Values ('00787','NV04','KH37', '20-7-2023', '20-7-2023');
	insert into HoaDon Values ('00788','NV04','KH38', '20-7-2023', '20-7-2023');
	insert into HoaDon Values ('00789','NV05','KH39', '21-7-2023', '21-7-2023');
	insert into HoaDon Values ('00790','NV05','KH40', '21-7-2023', '21-7-2023');
	insert into HoaDon Values ('00791','NV06','KH41', '21-7-2023', '21-7-2023');
	insert into HoaDon Values ('00792','NV06','KH42', '21-7-2023', '21-7-2023');
	insert into HoaDon Values ('00793','NV07','KH43', '22-7-2023', '22-7-2023');
	insert into HoaDon Values ('00794','NV07','KH44', '22-7-2023', '22-7-2023');
	insert into HoaDon Values ('00795','NV08','KH45', '22-7-2023', '22-7-2023');
	insert into HoaDon Values ('00796','NV08','KH46', '22-7-2023', '22-7-2023');
	insert into HoaDon Values ('00797','NV09','KH47', '23-7-2023', '23-7-2023');
	insert into HoaDon Values ('00798','NV09','KH48', '23-7-2023', '23-7-2023');
	insert into HoaDon Values ('00799','NV10','KH49', '23-7-2023', '23-7-2023');
	insert into HoaDon Values ('00800','NV10','KH50', '23-7-2023', '23-7-2023');
	insert into HoaDon Values ('00801','NV01','KH01', '24-7-2023', '24-7-2023');
	insert into HoaDon Values ('00802','NV01','KH02', '24-7-2023', '24-7-2023');
	insert into HoaDon Values ('00803','NV02','KH03', '24-7-2023', '24-7-2023');
	insert into HoaDon Values ('00804','NV02','KH04', '24-7-2023', '24-7-2023');
	insert into HoaDon Values ('00805','NV03','KH05', '25-7-2023', '25-7-2023');
	insert into HoaDon Values ('00806','NV03','KH06', '25-7-2023', '25-7-2023');
	insert into HoaDon Values ('00807','NV04','KH07', '25-7-2023', '25-7-2023');
	insert into HoaDon Values ('00808','NV04','KH08', '25-7-2023', '25-7-2023');
	insert into HoaDon Values ('00809','NV05','KH09', '26-7-2023', '26-7-2023');
	insert into HoaDon Values ('00810','NV05','KH10', '26-7-2023', '26-7-2023');
	insert into HoaDon Values ('00811','NV06','KH11', '26-7-2023', '26-7-2023');
	insert into HoaDon Values ('00812','NV06','KH12', '26-7-2023', '26-7-2023');
	insert into HoaDon Values ('00813','NV07','KH13', '27-7-2023', '27-7-2023');
	insert into HoaDon Values ('00814','NV07','KH14', '27-7-2023', '27-7-2023');
	insert into HoaDon Values ('00815','NV08','KH15', '27-7-2023', '27-7-2023');
	insert into HoaDon Values ('00816','NV08','KH16', '27-7-2023', '27-7-2023');
	insert into HoaDon Values ('00817','NV09','KH17', '28-7-2023', '28-7-2023');
	insert into HoaDon Values ('00818','NV09','KH18', '28-7-2023', '28-7-2023');
	insert into HoaDon Values ('00819','NV10','KH19', '28-7-2023', '28-7-2023');
	insert into HoaDon Values ('00820','NV10','KH20', '28-7-2023', '28-7-2023');
	insert into HoaDon Values ('00821','NV01','KH21', '29-7-2023', '29-7-2023');
	insert into HoaDon Values ('00822','NV01','KH22', '29-7-2023', '29-7-2023');
	insert into HoaDon Values ('00823','NV02','KH23', '29-7-2023', '29-7-2023');
	insert into HoaDon Values ('00824','NV02','KH24', '29-7-2023', '29-7-2023');
	insert into HoaDon Values ('00825','NV03','KH25', '30-7-2023', '30-7-2023');
	insert into HoaDon Values ('00826','NV03','KH26', '30-7-2023', '30-7-2023');
	insert into HoaDon Values ('00827','NV04','KH27', '30-7-2023', '30-7-2023');
	insert into HoaDon Values ('00828','NV04','KH28', '30-7-2023', '30-7-2023');
	insert into HoaDon Values ('00829','NV05','KH29', '1-8-2023', '1-8-2023');
	insert into HoaDon Values ('00830','NV05','KH30', '1-8-2023', '1-8-2023');
	insert into HoaDon Values ('00831','NV06','KH31', '1-8-2023', '1-8-2023');
	insert into HoaDon Values ('00832','NV06','KH32', '1-8-2023', '1-8-2023');
	insert into HoaDon Values ('00833','NV07','KH33', '2-8-2023', '2-8-2023');
	insert into HoaDon Values ('00834','NV07','KH34', '2-8-2023', '2-8-2023');
	insert into HoaDon Values ('00835','NV08','KH35', '2-8-2023', '2-8-2023');
	insert into HoaDon Values ('00836','NV08','KH36', '2-8-2023', '2-8-2023');
	insert into HoaDon Values ('00837','NV09','KH37', '3-8-2023', '3-8-2023');
	insert into HoaDon Values ('00838','NV09','KH38', '3-8-2023', '3-8-2023');
	insert into HoaDon Values ('00839','NV10','KH39', '3-8-2023', '3-8-2023');
	insert into HoaDon Values ('00840','NV10','KH40', '3-8-2023', '3-8-2023');
	insert into HoaDon Values ('00841','NV01','KH41', '4-8-2023', '4-8-2023');
	insert into HoaDon Values ('00842','NV01','KH42', '4-8-2023', '4-8-2023');
	insert into HoaDon Values ('00843','NV02','KH43', '4-8-2023', '4-8-2023');
	insert into HoaDon Values ('00844','NV02','KH44', '4-8-2023', '4-8-2023');
	insert into HoaDon Values ('00845','NV03','KH45', '5-8-2023', '5-8-2023');
	insert into HoaDon Values ('00846','NV03','KH46', '5-8-2023', '5-8-2023');
	insert into HoaDon Values ('00847','NV04','KH47', '5-8-2023', '5-8-2023');
	insert into HoaDon Values ('00848','NV04','KH48', '5-8-2023', '5-8-2023');
	insert into HoaDon Values ('00849','NV05','KH49', '6-8-2023', '6-8-2023');
	insert into HoaDon Values ('00850','NV05','KH50', '6-8-2023', '6-8-2023');
	insert into HoaDon Values ('00851','NV06','KH01', '6-8-2023', '6-8-2023');
	insert into HoaDon Values ('00852','NV06','KH02', '6-8-2023', '6-8-2023');
	insert into HoaDon Values ('00853','NV07','KH03', '7-8-2023', '7-8-2023');
	insert into HoaDon Values ('00854','NV07','KH04', '7-8-2023', '7-8-2023');
	insert into HoaDon Values ('00855','NV08','KH05', '7-8-2023', '7-8-2023');
	insert into HoaDon Values ('00856','NV08','KH06', '7-8-2023', '7-8-2023');
	insert into HoaDon Values ('00857','NV09','KH07', '8-8-2023', '8-8-2023');
	insert into HoaDon Values ('00858','NV09','KH08', '8-8-2023', '8-8-2023');
	insert into HoaDon Values ('00859','NV10','KH09', '8-8-2023', '8-8-2023');
	insert into HoaDon Values ('00860','NV10','KH10', '8-8-2023', '8-8-2023');
	insert into HoaDon Values ('00861','NV01','KH11', '9-8-2023', '9-8-2023');
	insert into HoaDon Values ('00862','NV01','KH12', '9-8-2023', '9-8-2023');
	insert into HoaDon Values ('00863','NV02','KH13', '9-8-2023', '9-8-2023');
	insert into HoaDon Values ('00864','NV02','KH14', '9-8-2023', '9-8-2023');
	insert into HoaDon Values ('00865','NV03','KH15', '10-8-2023', '10-8-2023');
	insert into HoaDon Values ('00866','NV03','KH16', '10-8-2023', '10-8-2023');
	insert into HoaDon Values ('00867','NV04','KH17', '10-8-2023', '10-8-2023');
	insert into HoaDon Values ('00868','NV04','KH18', '10-8-2023', '10-8-2023');
	insert into HoaDon Values ('00869','NV05','KH19', '11-8-2023', '11-8-2023');
	insert into HoaDon Values ('00870','NV05','KH20', '11-8-2023', '11-8-2023');
	insert into HoaDon Values ('00871','NV06','KH21', '11-8-2023', '11-8-2023');
	insert into HoaDon Values ('00872','NV06','KH22', '11-8-2023', '11-8-2023');
	insert into HoaDon Values ('00873','NV07','KH23', '12-8-2023', '12-8-2023');
	insert into HoaDon Values ('00874','NV07','KH24', '12-8-2023', '12-8-2023');
	insert into HoaDon Values ('00875','NV08','KH25', '12-8-2023', '12-8-2023');
	insert into HoaDon Values ('00876','NV08','KH26', '12-8-2023', '12-8-2023');
	insert into HoaDon Values ('00877','NV09','KH27', '13-8-2023', '13-8-2023');
	insert into HoaDon Values ('00878','NV09','KH28', '13-8-2023', '13-8-2023');
	insert into HoaDon Values ('00879','NV10','KH29', '13-8-2023', '13-8-2023');
	insert into HoaDon Values ('00880','NV10','KH30', '13-8-2023', '13-8-2023');
	insert into HoaDon Values ('00881','NV01','KH31', '14-8-2023', '14-8-2023');
	insert into HoaDon Values ('00882','NV01','KH32', '14-8-2023', '14-8-2023');
	insert into HoaDon Values ('00883','NV02','KH33', '14-8-2023', '14-8-2023');
	insert into HoaDon Values ('00884','NV02','KH34', '14-8-2023', '14-8-2023');
	insert into HoaDon Values ('00885','NV03','KH35', '15-8-2023', '15-8-2023');
	insert into HoaDon Values ('00886','NV03','KH36', '15-8-2023', '15-8-2023');
	insert into HoaDon Values ('00887','NV04','KH37', '15-8-2023', '15-8-2023');
	insert into HoaDon Values ('00888','NV04','KH38', '15-8-2023', '15-8-2023');
	insert into HoaDon Values ('00889','NV05','KH39', '16-8-2023', '16-8-2023');
	insert into HoaDon Values ('00890','NV05','KH40', '16-8-2023', '16-8-2023');
	insert into HoaDon Values ('00891','NV06','KH41', '16-8-2023', '16-8-2023');
	insert into HoaDon Values ('00892','NV06','KH42', '16-8-2023', '16-8-2023');
	insert into HoaDon Values ('00893','NV07','KH43', '17-8-2023', '17-8-2023');
	insert into HoaDon Values ('00894','NV07','KH44', '17-8-2023', '17-8-2023');
	insert into HoaDon Values ('00895','NV08','KH45', '17-8-2023', '17-8-2023');
	insert into HoaDon Values ('00896','NV08','KH46', '17-8-2023', '17-8-2023');
	insert into HoaDon Values ('00897','NV09','KH47', '18-8-2023', '18-8-2023');
	insert into HoaDon Values ('00898','NV09','KH48', '18-8-2023', '18-8-2023');
	insert into HoaDon Values ('00899','NV10','KH49', '18-8-2023', '18-8-2023');
	insert into HoaDon Values ('00900','NV10','KH50', '18-8-2023', '18-8-2023');
	insert into HoaDon Values ('00901','NV01','KH01', '19-8-2023', '19-8-2023');
	insert into HoaDon Values ('00902','NV01','KH02', '19-8-2023', '19-8-2023');
	insert into HoaDon Values ('00903','NV02','KH03', '19-8-2023', '19-8-2023');
	insert into HoaDon Values ('00904','NV02','KH04', '19-8-2023', '19-8-2023');
	insert into HoaDon Values ('00905','NV03','KH05', '20-8-2023', '20-8-2023');
	insert into HoaDon Values ('00906','NV03','KH06', '20-8-2023', '20-8-2023');
	insert into HoaDon Values ('00907','NV04','KH07', '20-8-2023', '20-8-2023');
	insert into HoaDon Values ('00908','NV04','KH08', '20-8-2023', '20-8-2023');
	insert into HoaDon Values ('00909','NV05','KH09', '21-8-2023', '21-8-2023');
	insert into HoaDon Values ('00910','NV05','KH10', '21-8-2023', '21-8-2023');
	insert into HoaDon Values ('00911','NV06','KH11', '21-8-2023', '21-8-2023');
	insert into HoaDon Values ('00912','NV06','KH12', '21-8-2023', '21-8-2023');
	insert into HoaDon Values ('00913','NV07','KH13', '22-8-2023', '22-8-2023');
	insert into HoaDon Values ('00914','NV07','KH14', '22-8-2023', '22-8-2023');
	insert into HoaDon Values ('00915','NV08','KH15', '22-8-2023', '22-8-2023');
	insert into HoaDon Values ('00916','NV08','KH16', '22-8-2023', '22-8-2023');
	insert into HoaDon Values ('00917','NV09','KH17', '23-8-2023', '23-8-2023');
	insert into HoaDon Values ('00918','NV09','KH18', '23-8-2023', '23-8-2023');
	insert into HoaDon Values ('00919','NV10','KH19', '23-8-2023', '23-8-2023');
	insert into HoaDon Values ('00920','NV10','KH20', '23-8-2023', '23-8-2023');
	insert into HoaDon Values ('00921','NV01','KH21', '24-8-2023', '24-8-2023');
	insert into HoaDon Values ('00922','NV01','KH22', '24-8-2023', '24-8-2023');
	insert into HoaDon Values ('00923','NV02','KH23', '24-8-2023', '24-8-2023');
	insert into HoaDon Values ('00924','NV02','KH24', '24-8-2023', '24-8-2023');
	insert into HoaDon Values ('00925','NV03','KH25', '25-8-2023', '25-8-2023');
	insert into HoaDon Values ('00926','NV03','KH26', '25-8-2023', '25-8-2023');
	insert into HoaDon Values ('00927','NV04','KH27', '25-8-2023', '25-8-2023');
	insert into HoaDon Values ('00928','NV04','KH28', '25-8-2023', '25-8-2023');
	insert into HoaDon Values ('00929','NV05','KH29', '26-8-2023', '26-8-2023');
	insert into HoaDon Values ('00930','NV05','KH30', '26-8-2023', '26-8-2023');
	insert into HoaDon Values ('00931','NV06','KH31', '26-8-2023', '26-8-2023');
	insert into HoaDon Values ('00932','NV06','KH32', '26-8-2023', '26-8-2023');
	insert into HoaDon Values ('00933','NV07','KH33', '27-8-2023', '27-8-2023');
	insert into HoaDon Values ('00934','NV07','KH34', '27-8-2023', '27-8-2023');
	insert into HoaDon Values ('00935','NV08','KH35', '27-8-2023', '27-8-2023');
	insert into HoaDon Values ('00936','NV08','KH36', '27-8-2023', '27-8-2023');
	insert into HoaDon Values ('00937','NV09','KH37', '28-8-2023', '28-8-2023');
	insert into HoaDon Values ('00938','NV09','KH38', '28-8-2023', '28-8-2023');
	insert into HoaDon Values ('00939','NV10','KH39', '28-8-2023', '28-8-2023');
	insert into HoaDon Values ('00940','NV10','KH40', '28-8-2023', '28-8-2023');
	insert into HoaDon Values ('00941','NV01','KH41', '29-8-2023', '29-8-2023');
	insert into HoaDon Values ('00942','NV01','KH42', '29-8-2023', '29-8-2023');
	insert into HoaDon Values ('00943','NV02','KH43', '29-8-2023', '29-8-2023');
	insert into HoaDon Values ('00944','NV02','KH44', '29-8-2023', '29-8-2023');
	insert into HoaDon Values ('00945','NV03','KH45', '30-8-2023', '30-8-2023');
	insert into HoaDon Values ('00946','NV03','KH46', '30-8-2023', '30-8-2023');
	insert into HoaDon Values ('00947','NV04','KH47', '30-8-2023', '30-8-2023');
	insert into HoaDon Values ('00948','NV04','KH48', '30-8-2023', '30-8-2023');
	insert into HoaDon Values ('00949','NV05','KH49', '1-9-2023', '1-9-2023');
	insert into HoaDon Values ('00950','NV05','KH50', '1-9-2023', '1-9-2023');
	insert into HoaDon Values ('00951','NV06','KH01', '1-9-2023', '1-9-2023');
	insert into HoaDon Values ('00952','NV06','KH02', '1-9-2023', '1-9-2023');
	insert into HoaDon Values ('00953','NV07','KH03', '2-9-2023', '2-9-2023');
	insert into HoaDon Values ('00954','NV07','KH04', '2-9-2023', '2-9-2023');
	insert into HoaDon Values ('00955','NV08','KH05', '2-9-2023', '2-9-2023');
	insert into HoaDon Values ('00956','NV08','KH06', '2-9-2023', '2-9-2023');
	insert into HoaDon Values ('00957','NV09','KH07', '3-9-2023', '3-9-2023');
	insert into HoaDon Values ('00958','NV09','KH08', '3-9-2023', '3-9-2023');
	insert into HoaDon Values ('00959','NV10','KH09', '3-9-2023', '3-9-2023');
	insert into HoaDon Values ('00960','NV10','KH10', '3-9-2023', '3-9-2023');
	insert into HoaDon Values ('00961','NV01','KH11', '4-9-2023', '4-9-2023');
	insert into HoaDon Values ('00962','NV01','KH12', '4-9-2023', '4-9-2023');
	insert into HoaDon Values ('00963','NV02','KH13', '4-9-2023', '4-9-2023');
	insert into HoaDon Values ('00964','NV02','KH14', '4-9-2023', '4-9-2023');
	insert into HoaDon Values ('00965','NV03','KH15', '5-9-2023', '5-9-2023');
	insert into HoaDon Values ('00966','NV03','KH16', '5-9-2023', '5-9-2023');
	insert into HoaDon Values ('00967','NV04','KH17', '5-9-2023', '5-9-2023');
	insert into HoaDon Values ('00968','NV04','KH18', '5-9-2023', '5-9-2023');
	insert into HoaDon Values ('00969','NV05','KH19', '6-9-2023', '6-9-2023');
	insert into HoaDon Values ('00970','NV05','KH20', '6-9-2023', '6-9-2023');
	insert into HoaDon Values ('00971','NV06','KH21', '6-9-2023', '6-9-2023');
	insert into HoaDon Values ('00972','NV06','KH22', '6-9-2023', '6-9-2023');
	insert into HoaDon Values ('00973','NV07','KH23', '7-9-2023', '7-9-2023');
	insert into HoaDon Values ('00974','NV07','KH24', '7-9-2023', '7-9-2023');
	insert into HoaDon Values ('00975','NV08','KH25', '7-9-2023', '7-9-2023');
	insert into HoaDon Values ('00976','NV08','KH26', '7-9-2023', '7-9-2023');
	insert into HoaDon Values ('00977','NV09','KH27', '8-9-2023', '8-9-2023');
	insert into HoaDon Values ('00978','NV09','KH28', '8-9-2023', '8-9-2023');
	insert into HoaDon Values ('00979','NV10','KH29', '8-9-2023', '8-9-2023');
	insert into HoaDon Values ('00980','NV10','KH30', '8-9-2023', '8-9-2023');
	insert into HoaDon Values ('00981','NV01','KH31', '9-9-2023', '9-9-2023');
	insert into HoaDon Values ('00982','NV01','KH32', '9-9-2023', '9-9-2023');
	insert into HoaDon Values ('00983','NV02','KH33', '9-9-2023', '9-9-2023');
	insert into HoaDon Values ('00984','NV02','KH34', '9-9-2023', '9-9-2023');
	insert into HoaDon Values ('00985','NV03','KH35', '10-9-2023', '10-9-2023');
	insert into HoaDon Values ('00986','NV03','KH36', '10-9-2023', '10-9-2023');
	insert into HoaDon Values ('00987','NV04','KH37', '10-9-2023', '10-9-2023');
	insert into HoaDon Values ('00988','NV04','KH38', '10-9-2023', '10-9-2023');
	insert into HoaDon Values ('00989','NV05','KH39', '11-9-2023', '11-9-2023');
	insert into HoaDon Values ('00990','NV05','KH40', '11-9-2023', '11-9-2023');
	insert into HoaDon Values ('00991','NV06','KH41', '11-9-2023', '11-9-2023');
	insert into HoaDon Values ('00992','NV06','KH42', '11-9-2023', '11-9-2023');
	insert into HoaDon Values ('00993','NV07','KH43', '12-9-2023', '12-9-2023');
	insert into HoaDon Values ('00994','NV07','KH44', '12-9-2023', '12-9-2023');
	insert into HoaDon Values ('00995','NV08','KH45', '12-9-2023', '12-9-2023');
	insert into HoaDon Values ('00996','NV08','KH46', '12-9-2023', '12-9-2023');
	insert into HoaDon Values ('00997','NV09','KH47', '13-9-2023', '13-9-2023');
	insert into HoaDon Values ('00998','NV09','KH48', '13-9-2023', '13-9-2023');
	insert into HoaDon Values ('00999','NV10','KH49', '13-9-2023', '13-9-2023');    
	insert into HoaDon Values ('01000','NV10','KH50', '13-9-2023', '13-9-2023');
	--Chi Tiet Hoa Don
	insert into ChiTietHoaDon Values ('00001','SP01', 1);
	insert into ChiTietHoaDon Values ('00002','SP02', 1);
	insert into ChiTietHoaDon Values ('00003','SP03', 1);
	insert into ChiTietHoaDon Values ('00004','SP04', 1);
	insert into ChiTietHoaDon Values ('00005','SP05', 1);
	insert into ChiTietHoaDon Values ('00006','SP06', 1);
	insert into ChiTietHoaDon Values ('00007','SP07', 1);
	insert into ChiTietHoaDon Values ('00008','SP08', 1);
	insert into ChiTietHoaDon Values ('00009','SP09', 1);
	insert into ChiTietHoaDon Values ('00010','SP10', 1);
	insert into ChiTietHoaDon Values ('00011','SP11', 1);
	insert into ChiTietHoaDon Values ('00012','SP12', 1);
	insert into ChiTietHoaDon Values ('00013','SP13', 1);
	insert into ChiTietHoaDon Values ('00014','SP14', 1);
	insert into ChiTietHoaDon Values ('00015','SP15', 1);
	insert into ChiTietHoaDon Values ('00016','SP16', 1);
	insert into ChiTietHoaDon Values ('00017','SP17', 1);
	insert into ChiTietHoaDon Values ('00018','SP18', 1);
	insert into ChiTietHoaDon Values ('00019','SP19', 1);
	insert into ChiTietHoaDon Values ('00020','SP20', 1);
	insert into ChiTietHoaDon Values ('00021','SP21', 1);
	insert into ChiTietHoaDon Values ('00022','SP22', 1);
	insert into ChiTietHoaDon Values ('00023','SP23', 1);
	insert into ChiTietHoaDon Values ('00024','SP24', 1);
	insert into ChiTietHoaDon Values ('00025','SP25', 1);
	insert into ChiTietHoaDon Values ('00026','SP26', 1);
	insert into ChiTietHoaDon Values ('00027','SP27', 1);
	insert into ChiTietHoaDon Values ('00028','SP28', 1);
	insert into ChiTietHoaDon Values ('00029','SP29', 1);
	insert into ChiTietHoaDon Values ('00030','SP30', 1);
	insert into ChiTietHoaDon Values ('00031','SP31', 1);
	insert into ChiTietHoaDon Values ('00032','SP32', 1);
	insert into ChiTietHoaDon Values ('00033','SP33', 1);
	insert into ChiTietHoaDon Values ('00034','SP34', 1);
	insert into ChiTietHoaDon Values ('00035','SP35', 1);
	insert into ChiTietHoaDon Values ('00036','SP36', 1);
	insert into ChiTietHoaDon Values ('00037','SP37', 1);
	insert into ChiTietHoaDon Values ('00038','SP38', 1);
	insert into ChiTietHoaDon Values ('00039','SP39', 1);
	insert into ChiTietHoaDon Values ('00040','SP40', 1);
	insert into ChiTietHoaDon Values ('00041','SP41', 1);
	insert into ChiTietHoaDon Values ('00042','SP42', 1);
	insert into ChiTietHoaDon Values ('00043','SP43', 1);
	insert into ChiTietHoaDon Values ('00044','SP44', 1);
	insert into ChiTietHoaDon Values ('00045','SP45', 1);
	insert into ChiTietHoaDon Values ('00046','SP46', 1);
	insert into ChiTietHoaDon Values ('00047','SP47', 1);
	insert into ChiTietHoaDon Values ('00048','SP48', 1);
	insert into ChiTietHoaDon Values ('00049','SP49', 1);
	insert into ChiTietHoaDon Values ('00050','SP50', 1);
	insert into ChiTietHoaDon Values ('00051','SP01', 1);
	insert into ChiTietHoaDon Values ('00052','SP02', 1);
	insert into ChiTietHoaDon Values ('00053','SP03', 1);
	insert into ChiTietHoaDon Values ('00054','SP04', 1);
	insert into ChiTietHoaDon Values ('00055','SP05', 1);
	insert into ChiTietHoaDon Values ('00056','SP06', 1);
	insert into ChiTietHoaDon Values ('00057','SP07', 1);
	insert into ChiTietHoaDon Values ('00058','SP08', 1);
	insert into ChiTietHoaDon Values ('00059','SP09', 1);
	insert into ChiTietHoaDon Values ('00060','SP10', 1);
	insert into ChiTietHoaDon Values ('00061','SP11', 1);
	insert into ChiTietHoaDon Values ('00062','SP12', 1);
	insert into ChiTietHoaDon Values ('00063','SP13', 1);
	insert into ChiTietHoaDon Values ('00064','SP14', 1);
	insert into ChiTietHoaDon Values ('00065','SP15', 1);
	insert into ChiTietHoaDon Values ('00066','SP16', 1);
	insert into ChiTietHoaDon Values ('00067','SP17', 1);
	insert into ChiTietHoaDon Values ('00068','SP18', 1);
	insert into ChiTietHoaDon Values ('00069','SP19', 1);
	insert into ChiTietHoaDon Values ('00070','SP20', 1);
	insert into ChiTietHoaDon Values ('00071','SP21', 1);
	insert into ChiTietHoaDon Values ('00072','SP22', 1);
	insert into ChiTietHoaDon Values ('00073','SP23', 1);
	insert into ChiTietHoaDon Values ('00074','SP24', 1);
	insert into ChiTietHoaDon Values ('00075','SP25', 1);
	insert into ChiTietHoaDon Values ('00076','SP26', 1);
	insert into ChiTietHoaDon Values ('00077','SP27', 1);
	insert into ChiTietHoaDon Values ('00078','SP28', 1);
	insert into ChiTietHoaDon Values ('00079','SP29', 1);
	insert into ChiTietHoaDon Values ('00080','SP30', 1);
	insert into ChiTietHoaDon Values ('00081','SP31', 1);
	insert into ChiTietHoaDon Values ('00082','SP32', 1);
	insert into ChiTietHoaDon Values ('00083','SP33', 1);
	insert into ChiTietHoaDon Values ('00084','SP34', 1);
	insert into ChiTietHoaDon Values ('00085','SP35', 1);
	insert into ChiTietHoaDon Values ('00086','SP36', 1);
	insert into ChiTietHoaDon Values ('00087','SP37', 1);
	insert into ChiTietHoaDon Values ('00088','SP38', 1);
	insert into ChiTietHoaDon Values ('00089','SP39', 1);
	insert into ChiTietHoaDon Values ('00090','SP40', 1);
	insert into ChiTietHoaDon Values ('00091','SP41', 1);
	insert into ChiTietHoaDon Values ('00092','SP42', 1);
	insert into ChiTietHoaDon Values ('00093','SP43', 1);
	insert into ChiTietHoaDon Values ('00094','SP44', 1);
	insert into ChiTietHoaDon Values ('00095','SP45', 1);
	insert into ChiTietHoaDon Values ('00096','SP46', 1);
	insert into ChiTietHoaDon Values ('00097','SP47', 1);
	insert into ChiTietHoaDon Values ('00098','SP48', 1);
	insert into ChiTietHoaDon Values ('00099','SP49', 1);
	insert into ChiTietHoaDon Values ('00100','SP50', 1);
	insert into ChiTietHoaDon Values ('00101','SP01', 1);
	insert into ChiTietHoaDon Values ('00102','SP02', 1);
	insert into ChiTietHoaDon Values ('00103','SP03', 1);
	insert into ChiTietHoaDon Values ('00104','SP04', 1);
	insert into ChiTietHoaDon Values ('00105','SP05', 1);
	insert into ChiTietHoaDon Values ('00106','SP06', 1);
	insert into ChiTietHoaDon Values ('00107','SP07', 1);
	insert into ChiTietHoaDon Values ('00108','SP08', 1);
	insert into ChiTietHoaDon Values ('00109','SP09', 1);
	insert into ChiTietHoaDon Values ('00110','SP10', 1);
	insert into ChiTietHoaDon Values ('00111','SP11', 1);
	insert into ChiTietHoaDon Values ('00112','SP12', 1);
	insert into ChiTietHoaDon Values ('00113','SP13', 1);
	insert into ChiTietHoaDon Values ('00114','SP14', 1);
	insert into ChiTietHoaDon Values ('00115','SP15', 1);
	insert into ChiTietHoaDon Values ('00116','SP16', 1);
	insert into ChiTietHoaDon Values ('00117','SP17', 1);
	insert into ChiTietHoaDon Values ('00118','SP18', 1);
	insert into ChiTietHoaDon Values ('00119','SP19', 1);
	insert into ChiTietHoaDon Values ('00120','SP20', 1);
	insert into ChiTietHoaDon Values ('00121','SP21', 1);
	insert into ChiTietHoaDon Values ('00122','SP22', 1);
	insert into ChiTietHoaDon Values ('00123','SP23', 1);
	insert into ChiTietHoaDon Values ('00124','SP24', 1);
	insert into ChiTietHoaDon Values ('00125','SP25', 1);
	insert into ChiTietHoaDon Values ('00126','SP26', 1);
	insert into ChiTietHoaDon Values ('00127','SP27', 1);
	insert into ChiTietHoaDon Values ('00128','SP28', 1);
	insert into ChiTietHoaDon Values ('00129','SP29', 1);
	insert into ChiTietHoaDon Values ('00130','SP30', 1);
	insert into ChiTietHoaDon Values ('00131','SP31', 1);
	insert into ChiTietHoaDon Values ('00132','SP32', 1);
	insert into ChiTietHoaDon Values ('00133','SP33', 1);
	insert into ChiTietHoaDon Values ('00134','SP34', 1);
	insert into ChiTietHoaDon Values ('00135','SP35', 1);
	insert into ChiTietHoaDon Values ('00136','SP36', 1);
	insert into ChiTietHoaDon Values ('00137','SP37', 1);
	insert into ChiTietHoaDon Values ('00138','SP38', 1);
	insert into ChiTietHoaDon Values ('00139','SP39', 1);
	insert into ChiTietHoaDon Values ('00140','SP40', 1);
	insert into ChiTietHoaDon Values ('00141','SP41', 1);
	insert into ChiTietHoaDon Values ('00142','SP42', 1);
	insert into ChiTietHoaDon Values ('00143','SP43', 1);
	insert into ChiTietHoaDon Values ('00144','SP44', 1);
	insert into ChiTietHoaDon Values ('00145','SP45', 1);
	insert into ChiTietHoaDon Values ('00146','SP46', 1);
	insert into ChiTietHoaDon Values ('00147','SP47', 1);
	insert into ChiTietHoaDon Values ('00148','SP48', 1);
	insert into ChiTietHoaDon Values ('00149','SP49', 1);
	insert into ChiTietHoaDon Values ('00150','SP50', 1);
	insert into ChiTietHoaDon Values ('00151','SP01', 1);
	insert into ChiTietHoaDon Values ('00152','SP02', 1);
	insert into ChiTietHoaDon Values ('00153','SP03', 1);
	insert into ChiTietHoaDon Values ('00154','SP04', 1);
	insert into ChiTietHoaDon Values ('00155','SP05', 1);
	insert into ChiTietHoaDon Values ('00156','SP06', 1);
	insert into ChiTietHoaDon Values ('00157','SP07', 1);
	insert into ChiTietHoaDon Values ('00158','SP08', 1);
	insert into ChiTietHoaDon Values ('00159','SP09', 1);
	insert into ChiTietHoaDon Values ('00160','SP10', 1);
	insert into ChiTietHoaDon Values ('00161','SP11', 1);
	insert into ChiTietHoaDon Values ('00162','SP12', 1);
	insert into ChiTietHoaDon Values ('00163','SP13', 1);
	insert into ChiTietHoaDon Values ('00164','SP14', 1);
	insert into ChiTietHoaDon Values ('00165','SP15', 1);
	insert into ChiTietHoaDon Values ('00166','SP16', 1);
	insert into ChiTietHoaDon Values ('00167','SP17', 1);
	insert into ChiTietHoaDon Values ('00168','SP18', 1);
	insert into ChiTietHoaDon Values ('00169','SP19', 1);
	insert into ChiTietHoaDon Values ('00170','SP20', 1);
	insert into ChiTietHoaDon Values ('00171','SP21', 1);
	insert into ChiTietHoaDon Values ('00172','SP22', 1);
	insert into ChiTietHoaDon Values ('00173','SP23', 1);
	insert into ChiTietHoaDon Values ('00174','SP24', 1);
	insert into ChiTietHoaDon Values ('00175','SP25', 1);
	insert into ChiTietHoaDon Values ('00176','SP26', 1);
	insert into ChiTietHoaDon Values ('00177','SP27', 1);
	insert into ChiTietHoaDon Values ('00178','SP28', 1);
	insert into ChiTietHoaDon Values ('00179','SP29', 1);
	insert into ChiTietHoaDon Values ('00180','SP30', 1);
	insert into ChiTietHoaDon Values ('00181','SP31', 1);
	insert into ChiTietHoaDon Values ('00182','SP32', 1);
	insert into ChiTietHoaDon Values ('00183','SP33', 1);
	insert into ChiTietHoaDon Values ('00184','SP34', 1);
	insert into ChiTietHoaDon Values ('00185','SP35', 1);
	insert into ChiTietHoaDon Values ('00186','SP36', 1);
	insert into ChiTietHoaDon Values ('00187','SP37', 1);
	insert into ChiTietHoaDon Values ('00188','SP38', 1);
	insert into ChiTietHoaDon Values ('00189','SP39', 1);
	insert into ChiTietHoaDon Values ('00190','SP40', 1);
	insert into ChiTietHoaDon Values ('00191','SP41', 1);
	insert into ChiTietHoaDon Values ('00192','SP42', 1);
	insert into ChiTietHoaDon Values ('00193','SP43', 1);
	insert into ChiTietHoaDon Values ('00194','SP44', 1);
	insert into ChiTietHoaDon Values ('00195','SP45', 1);
	insert into ChiTietHoaDon Values ('00196','SP46', 1);
	insert into ChiTietHoaDon Values ('00197','SP47', 1);
	insert into ChiTietHoaDon Values ('00198','SP48', 1);
	insert into ChiTietHoaDon Values ('00199','SP49', 1);
	insert into ChiTietHoaDon Values ('00200','SP50', 1);
	insert into ChiTietHoaDon Values ('00201','SP01', 1);
	insert into ChiTietHoaDon Values ('00202','SP02', 1);
	insert into ChiTietHoaDon Values ('00203','SP03', 1);
	insert into ChiTietHoaDon Values ('00204','SP04', 1);
	insert into ChiTietHoaDon Values ('00205','SP05', 1);
	insert into ChiTietHoaDon Values ('00206','SP06', 1);
	insert into ChiTietHoaDon Values ('00207','SP07', 1);
	insert into ChiTietHoaDon Values ('00208','SP08', 1);
	insert into ChiTietHoaDon Values ('00209','SP09', 1);
	insert into ChiTietHoaDon Values ('00210','SP10', 1);
	insert into ChiTietHoaDon Values ('00211','SP11', 1);
	insert into ChiTietHoaDon Values ('00212','SP12', 1);
	insert into ChiTietHoaDon Values ('00213','SP13', 1);
	insert into ChiTietHoaDon Values ('00214','SP14', 1);
	insert into ChiTietHoaDon Values ('00215','SP15', 1);
	insert into ChiTietHoaDon Values ('00216','SP16', 1);
	insert into ChiTietHoaDon Values ('00217','SP17', 1);
	insert into ChiTietHoaDon Values ('00218','SP18', 1);
	insert into ChiTietHoaDon Values ('00219','SP19', 1);
	insert into ChiTietHoaDon Values ('00220','SP20', 1);
	insert into ChiTietHoaDon Values ('00221','SP21', 1);
	insert into ChiTietHoaDon Values ('00222','SP22', 1);
	insert into ChiTietHoaDon Values ('00223','SP23', 1);
	insert into ChiTietHoaDon Values ('00224','SP24', 1);
	insert into ChiTietHoaDon Values ('00225','SP25', 1);
	insert into ChiTietHoaDon Values ('00226','SP26', 1);
	insert into ChiTietHoaDon Values ('00227','SP27', 1);
	insert into ChiTietHoaDon Values ('00228','SP28', 1);
	insert into ChiTietHoaDon Values ('00229','SP29', 1);
	insert into ChiTietHoaDon Values ('00230','SP30', 1);
	insert into ChiTietHoaDon Values ('00231','SP31', 1);
	insert into ChiTietHoaDon Values ('00232','SP32', 1);
	insert into ChiTietHoaDon Values ('00233','SP33', 1);
	insert into ChiTietHoaDon Values ('00234','SP34', 1);
	insert into ChiTietHoaDon Values ('00235','SP35', 1);
	insert into ChiTietHoaDon Values ('00236','SP36', 1);
	insert into ChiTietHoaDon Values ('00237','SP37', 1);
	insert into ChiTietHoaDon Values ('00238','SP38', 1);
	insert into ChiTietHoaDon Values ('00239','SP39', 1);
	insert into ChiTietHoaDon Values ('00240','SP40', 1);
	insert into ChiTietHoaDon Values ('00241','SP41', 1);
	insert into ChiTietHoaDon Values ('00242','SP42', 1);
	insert into ChiTietHoaDon Values ('00243','SP43', 1);
	insert into ChiTietHoaDon Values ('00244','SP44', 1);
	insert into ChiTietHoaDon Values ('00245','SP45', 1);
	insert into ChiTietHoaDon Values ('00246','SP46', 1);
	insert into ChiTietHoaDon Values ('00247','SP47', 1);
	insert into ChiTietHoaDon Values ('00248','SP48', 1);
	insert into ChiTietHoaDon Values ('00249','SP49', 1);
	insert into ChiTietHoaDon Values ('00250','SP50', 1);
	insert into ChiTietHoaDon Values ('00251','SP01', 1);
	insert into ChiTietHoaDon Values ('00252','SP02', 1);
	insert into ChiTietHoaDon Values ('00253','SP03', 1);
	insert into ChiTietHoaDon Values ('00254','SP04', 1);
	insert into ChiTietHoaDon Values ('00255','SP05', 1);
	insert into ChiTietHoaDon Values ('00256','SP06', 1);
	insert into ChiTietHoaDon Values ('00257','SP07', 1);
	insert into ChiTietHoaDon Values ('00258','SP08', 1);
	insert into ChiTietHoaDon Values ('00259','SP09', 1);
	insert into ChiTietHoaDon Values ('00260','SP10', 1);
	insert into ChiTietHoaDon Values ('00261','SP11', 1);
	insert into ChiTietHoaDon Values ('00262','SP12', 1);
	insert into ChiTietHoaDon Values ('00263','SP13', 1);
	insert into ChiTietHoaDon Values ('00264','SP14', 1);
	insert into ChiTietHoaDon Values ('00265','SP15', 1);
	insert into ChiTietHoaDon Values ('00266','SP16', 1);
	insert into ChiTietHoaDon Values ('00267','SP17', 1);
	insert into ChiTietHoaDon Values ('00268','SP18', 1);
	insert into ChiTietHoaDon Values ('00269','SP19', 1);
	insert into ChiTietHoaDon Values ('00270','SP20', 1);
	insert into ChiTietHoaDon Values ('00271','SP21', 1);
	insert into ChiTietHoaDon Values ('00272','SP22', 1);
	insert into ChiTietHoaDon Values ('00273','SP23', 1);
	insert into ChiTietHoaDon Values ('00274','SP24', 1);
	insert into ChiTietHoaDon Values ('00275','SP25', 1);
	insert into ChiTietHoaDon Values ('00276','SP26', 1);
	insert into ChiTietHoaDon Values ('00277','SP27', 1);
	insert into ChiTietHoaDon Values ('00278','SP28', 1);
	insert into ChiTietHoaDon Values ('00279','SP29', 1);
	insert into ChiTietHoaDon Values ('00280','SP30', 1);
	insert into ChiTietHoaDon Values ('00281','SP31', 1);
	insert into ChiTietHoaDon Values ('00282','SP32', 1);
	insert into ChiTietHoaDon Values ('00283','SP33', 1);
	insert into ChiTietHoaDon Values ('00284','SP34', 1);
	insert into ChiTietHoaDon Values ('00285','SP35', 1);
	insert into ChiTietHoaDon Values ('00286','SP36', 1);
	insert into ChiTietHoaDon Values ('00287','SP37', 1);
	insert into ChiTietHoaDon Values ('00288','SP38', 1);
	insert into ChiTietHoaDon Values ('00289','SP39', 1);
	insert into ChiTietHoaDon Values ('00290','SP40', 1);
	insert into ChiTietHoaDon Values ('00291','SP41', 1);
	insert into ChiTietHoaDon Values ('00292','SP42', 1);
	insert into ChiTietHoaDon Values ('00293','SP43', 1);
	insert into ChiTietHoaDon Values ('00294','SP44', 1);
	insert into ChiTietHoaDon Values ('00295','SP45', 1);
	insert into ChiTietHoaDon Values ('00296','SP46', 1);
	insert into ChiTietHoaDon Values ('00297','SP47', 1);
	insert into ChiTietHoaDon Values ('00298','SP48', 1);
	insert into ChiTietHoaDon Values ('00299','SP49', 1);
	insert into ChiTietHoaDon Values ('00300','SP50', 1);
	insert into ChiTietHoaDon Values ('00301','SP01', 1);
	insert into ChiTietHoaDon Values ('00302','SP02', 1);
	insert into ChiTietHoaDon Values ('00303','SP03', 1);
	insert into ChiTietHoaDon Values ('00304','SP04', 1);
	insert into ChiTietHoaDon Values ('00305','SP05', 1);
	insert into ChiTietHoaDon Values ('00306','SP06', 1);
	insert into ChiTietHoaDon Values ('00307','SP07', 1);
	insert into ChiTietHoaDon Values ('00308','SP08', 1);
	insert into ChiTietHoaDon Values ('00309','SP09', 1);
	insert into ChiTietHoaDon Values ('00310','SP10', 1);
	insert into ChiTietHoaDon Values ('00311','SP11', 1);
	insert into ChiTietHoaDon Values ('00312','SP12', 1);
	insert into ChiTietHoaDon Values ('00313','SP13', 1);
	insert into ChiTietHoaDon Values ('00314','SP14', 1);
	insert into ChiTietHoaDon Values ('00315','SP15', 1);
	insert into ChiTietHoaDon Values ('00316','SP16', 1);
	insert into ChiTietHoaDon Values ('00317','SP17', 1);
	insert into ChiTietHoaDon Values ('00318','SP18', 1);
	insert into ChiTietHoaDon Values ('00319','SP19', 1);
	insert into ChiTietHoaDon Values ('00320','SP20', 1);
	insert into ChiTietHoaDon Values ('00321','SP21', 1);
	insert into ChiTietHoaDon Values ('00322','SP22', 1);
	insert into ChiTietHoaDon Values ('00323','SP23', 1);
	insert into ChiTietHoaDon Values ('00324','SP24', 1);
	insert into ChiTietHoaDon Values ('00325','SP25', 1);
	insert into ChiTietHoaDon Values ('00326','SP26', 1);
	insert into ChiTietHoaDon Values ('00327','SP27', 1);
	insert into ChiTietHoaDon Values ('00328','SP28', 1);
	insert into ChiTietHoaDon Values ('00329','SP29', 1);
	insert into ChiTietHoaDon Values ('00330','SP30', 1);
	insert into ChiTietHoaDon Values ('00331','SP31', 1);
	insert into ChiTietHoaDon Values ('00332','SP32', 1);
	insert into ChiTietHoaDon Values ('00333','SP33', 1);
	insert into ChiTietHoaDon Values ('00334','SP34', 1);
	insert into ChiTietHoaDon Values ('00335','SP35', 1);
	insert into ChiTietHoaDon Values ('00336','SP36', 1);
	insert into ChiTietHoaDon Values ('00337','SP37', 1);
	insert into ChiTietHoaDon Values ('00338','SP38', 1);
	insert into ChiTietHoaDon Values ('00339','SP39', 1);
	insert into ChiTietHoaDon Values ('00340','SP40', 1);
	insert into ChiTietHoaDon Values ('00341','SP41', 1);
	insert into ChiTietHoaDon Values ('00342','SP42', 1);
	insert into ChiTietHoaDon Values ('00343','SP43', 1);
	insert into ChiTietHoaDon Values ('00344','SP44', 1);
	insert into ChiTietHoaDon Values ('00345','SP45', 1);
	insert into ChiTietHoaDon Values ('00346','SP46', 1);
	insert into ChiTietHoaDon Values ('00347','SP47', 1);
	insert into ChiTietHoaDon Values ('00348','SP48', 1);
	insert into ChiTietHoaDon Values ('00349','SP49', 1);
	insert into ChiTietHoaDon Values ('00350','SP50', 1);
	insert into ChiTietHoaDon Values ('00351','SP01', 1);
	insert into ChiTietHoaDon Values ('00352','SP02', 1);
	insert into ChiTietHoaDon Values ('00353','SP03', 1);
	insert into ChiTietHoaDon Values ('00354','SP04', 1);
	insert into ChiTietHoaDon Values ('00355','SP05', 1);
	insert into ChiTietHoaDon Values ('00356','SP06', 1);
	insert into ChiTietHoaDon Values ('00357','SP07', 1);
	insert into ChiTietHoaDon Values ('00358','SP08', 1);
	insert into ChiTietHoaDon Values ('00359','SP09', 1);
	insert into ChiTietHoaDon Values ('00360','SP10', 1);
	insert into ChiTietHoaDon Values ('00361','SP11', 1);
	insert into ChiTietHoaDon Values ('00362','SP12', 1);
	insert into ChiTietHoaDon Values ('00363','SP13', 1);
	insert into ChiTietHoaDon Values ('00364','SP14', 1);
	insert into ChiTietHoaDon Values ('00365','SP15', 1);
	insert into ChiTietHoaDon Values ('00366','SP16', 1);
	insert into ChiTietHoaDon Values ('00367','SP17', 1);
	insert into ChiTietHoaDon Values ('00368','SP18', 1);
	insert into ChiTietHoaDon Values ('00369','SP19', 1);
	insert into ChiTietHoaDon Values ('00370','SP20', 1);
	insert into ChiTietHoaDon Values ('00371','SP21', 1);
	insert into ChiTietHoaDon Values ('00372','SP22', 1);
	insert into ChiTietHoaDon Values ('00373','SP23', 1);
	insert into ChiTietHoaDon Values ('00374','SP24', 1);
	insert into ChiTietHoaDon Values ('00375','SP25', 1);
	insert into ChiTietHoaDon Values ('00376','SP26', 1);
	insert into ChiTietHoaDon Values ('00377','SP27', 1);
	insert into ChiTietHoaDon Values ('00378','SP28', 1);
	insert into ChiTietHoaDon Values ('00379','SP29', 1);
	insert into ChiTietHoaDon Values ('00380','SP30', 1);
	insert into ChiTietHoaDon Values ('00381','SP31', 1);
	insert into ChiTietHoaDon Values ('00382','SP32', 1);
	insert into ChiTietHoaDon Values ('00383','SP33', 1);
	insert into ChiTietHoaDon Values ('00384','SP34', 1);
	insert into ChiTietHoaDon Values ('00385','SP35', 1);
	insert into ChiTietHoaDon Values ('00386','SP36', 1);
	insert into ChiTietHoaDon Values ('00387','SP37', 1);
	insert into ChiTietHoaDon Values ('00388','SP38', 1);
	insert into ChiTietHoaDon Values ('00389','SP39', 1);
	insert into ChiTietHoaDon Values ('00390','SP40', 1);
	insert into ChiTietHoaDon Values ('00391','SP41', 1);
	insert into ChiTietHoaDon Values ('00392','SP42', 1);
	insert into ChiTietHoaDon Values ('00393','SP43', 1);
	insert into ChiTietHoaDon Values ('00394','SP44', 1);
	insert into ChiTietHoaDon Values ('00395','SP45', 1);
	insert into ChiTietHoaDon Values ('00396','SP46', 1);
	insert into ChiTietHoaDon Values ('00397','SP47', 1);
	insert into ChiTietHoaDon Values ('00398','SP48', 1);
	insert into ChiTietHoaDon Values ('00399','SP49', 1);
	insert into ChiTietHoaDon Values ('00400','SP50', 1);
	insert into ChiTietHoaDon Values ('00401','SP01', 1);
	insert into ChiTietHoaDon Values ('00402','SP02', 1);
	insert into ChiTietHoaDon Values ('00403','SP03', 1);
	insert into ChiTietHoaDon Values ('00404','SP04', 1);
	insert into ChiTietHoaDon Values ('00405','SP05', 1);
	insert into ChiTietHoaDon Values ('00406','SP06', 1);
	insert into ChiTietHoaDon Values ('00407','SP07', 1);
	insert into ChiTietHoaDon Values ('00408','SP08', 1);
	insert into ChiTietHoaDon Values ('00409','SP09', 1);
	insert into ChiTietHoaDon Values ('00410','SP10', 1);
	insert into ChiTietHoaDon Values ('00411','SP11', 1);
	insert into ChiTietHoaDon Values ('00412','SP12', 1);
	insert into ChiTietHoaDon Values ('00413','SP13', 1);
	insert into ChiTietHoaDon Values ('00414','SP14', 1);
	insert into ChiTietHoaDon Values ('00415','SP15', 1);
	insert into ChiTietHoaDon Values ('00416','SP16', 1);
	insert into ChiTietHoaDon Values ('00417','SP17', 1);
	insert into ChiTietHoaDon Values ('00418','SP18', 1);
	insert into ChiTietHoaDon Values ('00419','SP19', 1);
	insert into ChiTietHoaDon Values ('00420','SP20', 1);
	insert into ChiTietHoaDon Values ('00421','SP21', 1);
	insert into ChiTietHoaDon Values ('00422','SP22', 1);
	insert into ChiTietHoaDon Values ('00423','SP23', 1);
	insert into ChiTietHoaDon Values ('00424','SP24', 1);
	insert into ChiTietHoaDon Values ('00425','SP25', 1);
	insert into ChiTietHoaDon Values ('00426','SP26', 1);
	insert into ChiTietHoaDon Values ('00427','SP27', 1);
	insert into ChiTietHoaDon Values ('00428','SP28', 1);
	insert into ChiTietHoaDon Values ('00429','SP29', 1);
	insert into ChiTietHoaDon Values ('00430','SP30', 1);
	insert into ChiTietHoaDon Values ('00431','SP31', 1);
	insert into ChiTietHoaDon Values ('00432','SP32', 1);
	insert into ChiTietHoaDon Values ('00433','SP33', 1);
	insert into ChiTietHoaDon Values ('00434','SP34', 1);
	insert into ChiTietHoaDon Values ('00435','SP35', 1);
	insert into ChiTietHoaDon Values ('00436','SP36', 1);
	insert into ChiTietHoaDon Values ('00437','SP37', 1);
	insert into ChiTietHoaDon Values ('00438','SP38', 1);
	insert into ChiTietHoaDon Values ('00439','SP39', 1);
	insert into ChiTietHoaDon Values ('00440','SP40', 1);
	insert into ChiTietHoaDon Values ('00441','SP41', 1);
	insert into ChiTietHoaDon Values ('00442','SP42', 1);
	insert into ChiTietHoaDon Values ('00443','SP43', 1);
	insert into ChiTietHoaDon Values ('00444','SP44', 1);
	insert into ChiTietHoaDon Values ('00445','SP45', 1);
	insert into ChiTietHoaDon Values ('00446','SP46', 1);
	insert into ChiTietHoaDon Values ('00447','SP47', 1);
	insert into ChiTietHoaDon Values ('00448','SP48', 1);
	insert into ChiTietHoaDon Values ('00449','SP49', 1);
	insert into ChiTietHoaDon Values ('00450','SP50', 1);
	insert into ChiTietHoaDon Values ('00451','SP01', 1);
	insert into ChiTietHoaDon Values ('00452','SP02', 1);
	insert into ChiTietHoaDon Values ('00453','SP03', 1);
	insert into ChiTietHoaDon Values ('00454','SP04', 1);
	insert into ChiTietHoaDon Values ('00455','SP05', 1);
	insert into ChiTietHoaDon Values ('00456','SP06', 1);
	insert into ChiTietHoaDon Values ('00457','SP07', 1);
	insert into ChiTietHoaDon Values ('00458','SP08', 1);
	insert into ChiTietHoaDon Values ('00459','SP09', 1);
	insert into ChiTietHoaDon Values ('00460','SP10', 1);
	insert into ChiTietHoaDon Values ('00461','SP11', 1);
	insert into ChiTietHoaDon Values ('00462','SP12', 1);
	insert into ChiTietHoaDon Values ('00463','SP13', 1);
	insert into ChiTietHoaDon Values ('00464','SP14', 1);
	insert into ChiTietHoaDon Values ('00465','SP15', 1);
	insert into ChiTietHoaDon Values ('00466','SP16', 1);
	insert into ChiTietHoaDon Values ('00467','SP17', 1);
	insert into ChiTietHoaDon Values ('00468','SP18', 1);
	insert into ChiTietHoaDon Values ('00469','SP19', 1);
	insert into ChiTietHoaDon Values ('00470','SP20', 1);
	insert into ChiTietHoaDon Values ('00471','SP21', 1);
	insert into ChiTietHoaDon Values ('00472','SP22', 1);
	insert into ChiTietHoaDon Values ('00473','SP23', 1);
	insert into ChiTietHoaDon Values ('00474','SP24', 1);
	insert into ChiTietHoaDon Values ('00475','SP25', 1);
	insert into ChiTietHoaDon Values ('00476','SP26', 1);
	insert into ChiTietHoaDon Values ('00477','SP27', 1);
	insert into ChiTietHoaDon Values ('00478','SP28', 1);
	insert into ChiTietHoaDon Values ('00479','SP29', 1);
	insert into ChiTietHoaDon Values ('00480','SP30', 1);
	insert into ChiTietHoaDon Values ('00481','SP31', 1);
	insert into ChiTietHoaDon Values ('00482','SP32', 1);
	insert into ChiTietHoaDon Values ('00483','SP33', 1);
	insert into ChiTietHoaDon Values ('00484','SP34', 1);
	insert into ChiTietHoaDon Values ('00485','SP35', 1);
	insert into ChiTietHoaDon Values ('00486','SP36', 1);
	insert into ChiTietHoaDon Values ('00487','SP37', 1);
	insert into ChiTietHoaDon Values ('00488','SP38', 1);
	insert into ChiTietHoaDon Values ('00489','SP39', 1);
	insert into ChiTietHoaDon Values ('00490','SP40', 1);
	insert into ChiTietHoaDon Values ('00491','SP41', 1);
	insert into ChiTietHoaDon Values ('00492','SP42', 1);
	insert into ChiTietHoaDon Values ('00493','SP43', 1);
	insert into ChiTietHoaDon Values ('00494','SP44', 1);
	insert into ChiTietHoaDon Values ('00495','SP45', 1);
	insert into ChiTietHoaDon Values ('00496','SP46', 1);
	insert into ChiTietHoaDon Values ('00497','SP47', 1);
	insert into ChiTietHoaDon Values ('00498','SP48', 1);
	insert into ChiTietHoaDon Values ('00499','SP49', 1);
	insert into ChiTietHoaDon Values ('00500','SP50', 1);
	insert into ChiTietHoaDon Values ('00501','SP01', 1);
	insert into ChiTietHoaDon Values ('00502','SP02', 1);
	insert into ChiTietHoaDon Values ('00503','SP03', 1);
	insert into ChiTietHoaDon Values ('00504','SP04', 1);
	insert into ChiTietHoaDon Values ('00505','SP05', 1);
	insert into ChiTietHoaDon Values ('00506','SP06', 1);
	insert into ChiTietHoaDon Values ('00507','SP07', 1);
	insert into ChiTietHoaDon Values ('00508','SP08', 1);
	insert into ChiTietHoaDon Values ('00509','SP09', 1);
	insert into ChiTietHoaDon Values ('00510','SP10', 1);
	insert into ChiTietHoaDon Values ('00511','SP11', 1);
	insert into ChiTietHoaDon Values ('00512','SP12', 1);
	insert into ChiTietHoaDon Values ('00513','SP13', 1);
	insert into ChiTietHoaDon Values ('00514','SP14', 1);
	insert into ChiTietHoaDon Values ('00515','SP15', 1);
	insert into ChiTietHoaDon Values ('00516','SP16', 1);
	insert into ChiTietHoaDon Values ('00517','SP17', 1);
	insert into ChiTietHoaDon Values ('00518','SP18', 1);
	insert into ChiTietHoaDon Values ('00519','SP19', 1);
	insert into ChiTietHoaDon Values ('00520','SP20', 1);
	insert into ChiTietHoaDon Values ('00521','SP21', 1);
	insert into ChiTietHoaDon Values ('00522','SP22', 1);
	insert into ChiTietHoaDon Values ('00523','SP23', 1);
	insert into ChiTietHoaDon Values ('00524','SP24', 1);
	insert into ChiTietHoaDon Values ('00525','SP25', 1);
	insert into ChiTietHoaDon Values ('00526','SP26', 1);
	insert into ChiTietHoaDon Values ('00527','SP27', 1);
	insert into ChiTietHoaDon Values ('00528','SP28', 1);
	insert into ChiTietHoaDon Values ('00529','SP29', 1);
	insert into ChiTietHoaDon Values ('00530','SP30', 1);
	insert into ChiTietHoaDon Values ('00531','SP31', 1);
	insert into ChiTietHoaDon Values ('00532','SP32', 1);
	insert into ChiTietHoaDon Values ('00533','SP33', 1);
	insert into ChiTietHoaDon Values ('00534','SP34', 1);
	insert into ChiTietHoaDon Values ('00535','SP35', 1);
	insert into ChiTietHoaDon Values ('00536','SP36', 1);
	insert into ChiTietHoaDon Values ('00537','SP37', 1);
	insert into ChiTietHoaDon Values ('00538','SP38', 1);
	insert into ChiTietHoaDon Values ('00539','SP39', 1);
	insert into ChiTietHoaDon Values ('00540','SP40', 1);
	insert into ChiTietHoaDon Values ('00541','SP41', 1);
	insert into ChiTietHoaDon Values ('00542','SP42', 1);
	insert into ChiTietHoaDon Values ('00543','SP43', 1);
	insert into ChiTietHoaDon Values ('00544','SP44', 1);
	insert into ChiTietHoaDon Values ('00545','SP45', 1);
	insert into ChiTietHoaDon Values ('00546','SP46', 1);
	insert into ChiTietHoaDon Values ('00547','SP47', 1);
	insert into ChiTietHoaDon Values ('00548','SP48', 1);
	insert into ChiTietHoaDon Values ('00549','SP49', 1);
	insert into ChiTietHoaDon Values ('00550','SP50', 1);
	insert into ChiTietHoaDon Values ('00551','SP01', 1);
	insert into ChiTietHoaDon Values ('00552','SP02', 1);
	insert into ChiTietHoaDon Values ('00553','SP03', 1);
	insert into ChiTietHoaDon Values ('00554','SP04', 1);
	insert into ChiTietHoaDon Values ('00555','SP05', 1);
	insert into ChiTietHoaDon Values ('00556','SP06', 1);
	insert into ChiTietHoaDon Values ('00557','SP07', 1);
	insert into ChiTietHoaDon Values ('00558','SP08', 1);
	insert into ChiTietHoaDon Values ('00559','SP09', 1);
	insert into ChiTietHoaDon Values ('00560','SP10', 1);
	insert into ChiTietHoaDon Values ('00561','SP11', 1);
	insert into ChiTietHoaDon Values ('00562','SP12', 1);
	insert into ChiTietHoaDon Values ('00563','SP13', 1);
	insert into ChiTietHoaDon Values ('00564','SP14', 1);
	insert into ChiTietHoaDon Values ('00565','SP15', 1);
	insert into ChiTietHoaDon Values ('00566','SP16', 1);
	insert into ChiTietHoaDon Values ('00567','SP17', 1);
	insert into ChiTietHoaDon Values ('00568','SP18', 1);
	insert into ChiTietHoaDon Values ('00569','SP19', 1);
	insert into ChiTietHoaDon Values ('00570','SP20', 1);
	insert into ChiTietHoaDon Values ('00571','SP21', 1);
	insert into ChiTietHoaDon Values ('00572','SP22', 1);
	insert into ChiTietHoaDon Values ('00573','SP23', 1);
	insert into ChiTietHoaDon Values ('00574','SP24', 1);
	insert into ChiTietHoaDon Values ('00575','SP25', 1);
	insert into ChiTietHoaDon Values ('00576','SP26', 1);
	insert into ChiTietHoaDon Values ('00577','SP27', 1);
	insert into ChiTietHoaDon Values ('00578','SP28', 1);
	insert into ChiTietHoaDon Values ('00579','SP29', 1);
	insert into ChiTietHoaDon Values ('00580','SP30', 1);
	insert into ChiTietHoaDon Values ('00581','SP31', 1);
	insert into ChiTietHoaDon Values ('00582','SP32', 1);
	insert into ChiTietHoaDon Values ('00583','SP33', 1);
	insert into ChiTietHoaDon Values ('00584','SP34', 1);
	insert into ChiTietHoaDon Values ('00585','SP35', 1);
	insert into ChiTietHoaDon Values ('00586','SP36', 1);
	insert into ChiTietHoaDon Values ('00587','SP37', 1);
	insert into ChiTietHoaDon Values ('00588','SP38', 1);
	insert into ChiTietHoaDon Values ('00589','SP39', 1);
	insert into ChiTietHoaDon Values ('00590','SP40', 1);
	insert into ChiTietHoaDon Values ('00591','SP41', 1);
	insert into ChiTietHoaDon Values ('00592','SP42', 1);
	insert into ChiTietHoaDon Values ('00593','SP43', 1);
	insert into ChiTietHoaDon Values ('00594','SP44', 1);
	insert into ChiTietHoaDon Values ('00595','SP45', 1);
	insert into ChiTietHoaDon Values ('00596','SP46', 1);
	insert into ChiTietHoaDon Values ('00597','SP47', 1);
	insert into ChiTietHoaDon Values ('00598','SP48', 1);
	insert into ChiTietHoaDon Values ('00599','SP49', 1);
	insert into ChiTietHoaDon Values ('00600','SP50', 1);
	insert into ChiTietHoaDon Values ('00601','SP01', 1);
	insert into ChiTietHoaDon Values ('00602','SP02', 1);
	insert into ChiTietHoaDon Values ('00603','SP03', 1);
	insert into ChiTietHoaDon Values ('00604','SP04', 1);
	insert into ChiTietHoaDon Values ('00605','SP05', 1);
	insert into ChiTietHoaDon Values ('00606','SP06', 1);
	insert into ChiTietHoaDon Values ('00607','SP07', 1);
	insert into ChiTietHoaDon Values ('00608','SP08', 1);
	insert into ChiTietHoaDon Values ('00609','SP09', 1);
	insert into ChiTietHoaDon Values ('00610','SP10', 1);
	insert into ChiTietHoaDon Values ('00611','SP11', 1);
	insert into ChiTietHoaDon Values ('00612','SP12', 1);
	insert into ChiTietHoaDon Values ('00613','SP13', 1);
	insert into ChiTietHoaDon Values ('00614','SP14', 1);
	insert into ChiTietHoaDon Values ('00615','SP15', 1);
	insert into ChiTietHoaDon Values ('00616','SP16', 1);
	insert into ChiTietHoaDon Values ('00617','SP17', 1);
	insert into ChiTietHoaDon Values ('00618','SP18', 1);
	insert into ChiTietHoaDon Values ('00619','SP19', 1);
	insert into ChiTietHoaDon Values ('00620','SP20', 1);
	insert into ChiTietHoaDon Values ('00621','SP21', 1);
	insert into ChiTietHoaDon Values ('00622','SP22', 1);
	insert into ChiTietHoaDon Values ('00623','SP23', 1);
	insert into ChiTietHoaDon Values ('00624','SP24', 1);
	insert into ChiTietHoaDon Values ('00625','SP25', 1);
	insert into ChiTietHoaDon Values ('00626','SP26', 1);
	insert into ChiTietHoaDon Values ('00627','SP27', 1);
	insert into ChiTietHoaDon Values ('00628','SP28', 1);
	insert into ChiTietHoaDon Values ('00629','SP29', 1);
	insert into ChiTietHoaDon Values ('00630','SP30', 1);
	insert into ChiTietHoaDon Values ('00631','SP31', 1);
	insert into ChiTietHoaDon Values ('00632','SP32', 1);
	insert into ChiTietHoaDon Values ('00633','SP33', 1);
	insert into ChiTietHoaDon Values ('00634','SP34', 1);
	insert into ChiTietHoaDon Values ('00635','SP35', 1);
	insert into ChiTietHoaDon Values ('00636','SP36', 1);
	insert into ChiTietHoaDon Values ('00637','SP37', 1);
	insert into ChiTietHoaDon Values ('00638','SP38', 1);
	insert into ChiTietHoaDon Values ('00639','SP39', 1);
	insert into ChiTietHoaDon Values ('00640','SP40', 1);
	insert into ChiTietHoaDon Values ('00641','SP41', 1);
	insert into ChiTietHoaDon Values ('00642','SP42', 1);
	insert into ChiTietHoaDon Values ('00643','SP43', 1);
	insert into ChiTietHoaDon Values ('00644','SP44', 1);
	insert into ChiTietHoaDon Values ('00645','SP45', 1);
	insert into ChiTietHoaDon Values ('00646','SP46', 1);
	insert into ChiTietHoaDon Values ('00647','SP47', 1);
	insert into ChiTietHoaDon Values ('00648','SP48', 1);
	insert into ChiTietHoaDon Values ('00649','SP49', 1);
	insert into ChiTietHoaDon Values ('00650','SP50', 1);
	insert into ChiTietHoaDon Values ('00651','SP01', 1);
	insert into ChiTietHoaDon Values ('00652','SP02', 1);
	insert into ChiTietHoaDon Values ('00653','SP03', 1);
	insert into ChiTietHoaDon Values ('00654','SP04', 1);
	insert into ChiTietHoaDon Values ('00655','SP05', 1);
	insert into ChiTietHoaDon Values ('00656','SP06', 1);
	insert into ChiTietHoaDon Values ('00657','SP07', 1);
	insert into ChiTietHoaDon Values ('00658','SP08', 1);
	insert into ChiTietHoaDon Values ('00659','SP09', 1);
	insert into ChiTietHoaDon Values ('00660','SP10', 1);
	insert into ChiTietHoaDon Values ('00661','SP11', 1);
	insert into ChiTietHoaDon Values ('00662','SP12', 1);
	insert into ChiTietHoaDon Values ('00663','SP13', 1);
	insert into ChiTietHoaDon Values ('00664','SP14', 1);
	insert into ChiTietHoaDon Values ('00665','SP15', 1);
	insert into ChiTietHoaDon Values ('00666','SP16', 1);
	insert into ChiTietHoaDon Values ('00667','SP17', 1);
	insert into ChiTietHoaDon Values ('00668','SP18', 1);
	insert into ChiTietHoaDon Values ('00669','SP19', 1);
	insert into ChiTietHoaDon Values ('00670','SP20', 1);
	insert into ChiTietHoaDon Values ('00671','SP21', 1);
	insert into ChiTietHoaDon Values ('00672','SP22', 1);
	insert into ChiTietHoaDon Values ('00673','SP23', 1);
	insert into ChiTietHoaDon Values ('00674','SP24', 1);
	insert into ChiTietHoaDon Values ('00675','SP25', 1);
	insert into ChiTietHoaDon Values ('00676','SP26', 1);
	insert into ChiTietHoaDon Values ('00677','SP27', 1);
	insert into ChiTietHoaDon Values ('00678','SP28', 1);
	insert into ChiTietHoaDon Values ('00679','SP29', 1);
	insert into ChiTietHoaDon Values ('00680','SP30', 1);
	insert into ChiTietHoaDon Values ('00681','SP31', 1);
	insert into ChiTietHoaDon Values ('00682','SP32', 1);
	insert into ChiTietHoaDon Values ('00683','SP33', 1);
	insert into ChiTietHoaDon Values ('00684','SP34', 1);
	insert into ChiTietHoaDon Values ('00685','SP35', 1);
	insert into ChiTietHoaDon Values ('00686','SP36', 1);
	insert into ChiTietHoaDon Values ('00687','SP37', 1);
	insert into ChiTietHoaDon Values ('00688','SP38', 1);
	insert into ChiTietHoaDon Values ('00689','SP39', 1);
	insert into ChiTietHoaDon Values ('00690','SP40', 1);
	insert into ChiTietHoaDon Values ('00691','SP41', 1);
	insert into ChiTietHoaDon Values ('00692','SP42', 1);
	insert into ChiTietHoaDon Values ('00693','SP43', 1);
	insert into ChiTietHoaDon Values ('00694','SP44', 1);
	insert into ChiTietHoaDon Values ('00695','SP45', 1);
	insert into ChiTietHoaDon Values ('00696','SP46', 1);
	insert into ChiTietHoaDon Values ('00697','SP47', 1);
	insert into ChiTietHoaDon Values ('00698','SP48', 1);
	insert into ChiTietHoaDon Values ('00699','SP49', 1);
	insert into ChiTietHoaDon Values ('00700','SP50', 1);
	insert into ChiTietHoaDon Values ('00701','SP01', 1);
	insert into ChiTietHoaDon Values ('00702','SP02', 1);
	insert into ChiTietHoaDon Values ('00703','SP03', 1);
	insert into ChiTietHoaDon Values ('00704','SP04', 1);
	insert into ChiTietHoaDon Values ('00705','SP05', 1);
	insert into ChiTietHoaDon Values ('00706','SP06', 1);
	insert into ChiTietHoaDon Values ('00707','SP07', 1);
	insert into ChiTietHoaDon Values ('00708','SP08', 1);
	insert into ChiTietHoaDon Values ('00709','SP09', 1);
	insert into ChiTietHoaDon Values ('00710','SP10', 1);
	insert into ChiTietHoaDon Values ('00711','SP11', 1);
	insert into ChiTietHoaDon Values ('00712','SP12', 1);
	insert into ChiTietHoaDon Values ('00713','SP13', 1);
	insert into ChiTietHoaDon Values ('00714','SP14', 1);
	insert into ChiTietHoaDon Values ('00715','SP15', 1);
	insert into ChiTietHoaDon Values ('00716','SP16', 1);
	insert into ChiTietHoaDon Values ('00717','SP17', 1);
	insert into ChiTietHoaDon Values ('00718','SP18', 1);
	insert into ChiTietHoaDon Values ('00719','SP19', 1);
	insert into ChiTietHoaDon Values ('00720','SP20', 1);
	insert into ChiTietHoaDon Values ('00721','SP21', 1);
	insert into ChiTietHoaDon Values ('00722','SP22', 1);
	insert into ChiTietHoaDon Values ('00723','SP23', 1);
	insert into ChiTietHoaDon Values ('00724','SP24', 1);
	insert into ChiTietHoaDon Values ('00725','SP25', 1);
	insert into ChiTietHoaDon Values ('00726','SP26', 1);
	insert into ChiTietHoaDon Values ('00727','SP27', 1);
	insert into ChiTietHoaDon Values ('00728','SP28', 1);
	insert into ChiTietHoaDon Values ('00729','SP29', 1);
	insert into ChiTietHoaDon Values ('00730','SP30', 1);
	insert into ChiTietHoaDon Values ('00731','SP31', 1);
	insert into ChiTietHoaDon Values ('00732','SP32', 1);
	insert into ChiTietHoaDon Values ('00733','SP33', 1);
	insert into ChiTietHoaDon Values ('00734','SP34', 1);
	insert into ChiTietHoaDon Values ('00735','SP35', 1);
	insert into ChiTietHoaDon Values ('00736','SP36', 1);
	insert into ChiTietHoaDon Values ('00737','SP37', 1);
	insert into ChiTietHoaDon Values ('00738','SP38', 1);
	insert into ChiTietHoaDon Values ('00739','SP39', 1);
	insert into ChiTietHoaDon Values ('00740','SP40', 1);
	insert into ChiTietHoaDon Values ('00741','SP41', 1);
	insert into ChiTietHoaDon Values ('00742','SP42', 1);
	insert into ChiTietHoaDon Values ('00743','SP43', 1);
	insert into ChiTietHoaDon Values ('00744','SP44', 1);
	insert into ChiTietHoaDon Values ('00745','SP45', 1);
	insert into ChiTietHoaDon Values ('00746','SP46', 1);
	insert into ChiTietHoaDon Values ('00747','SP47', 1);
	insert into ChiTietHoaDon Values ('00748','SP48', 1);
	insert into ChiTietHoaDon Values ('00749','SP49', 1);
	insert into ChiTietHoaDon Values ('00750','SP50', 1);
	insert into ChiTietHoaDon Values ('00751','SP01', 1);
	insert into ChiTietHoaDon Values ('00752','SP02', 1);
	insert into ChiTietHoaDon Values ('00753','SP03', 1);
	insert into ChiTietHoaDon Values ('00754','SP04', 1);
	insert into ChiTietHoaDon Values ('00755','SP05', 1);
	insert into ChiTietHoaDon Values ('00756','SP06', 1);
	insert into ChiTietHoaDon Values ('00757','SP07', 1);
	insert into ChiTietHoaDon Values ('00758','SP08', 1);
	insert into ChiTietHoaDon Values ('00759','SP09', 1);
	insert into ChiTietHoaDon Values ('00760','SP10', 1);
	insert into ChiTietHoaDon Values ('00761','SP11', 1);
	insert into ChiTietHoaDon Values ('00762','SP12', 1);
	insert into ChiTietHoaDon Values ('00763','SP13', 1);
	insert into ChiTietHoaDon Values ('00764','SP14', 1);
	insert into ChiTietHoaDon Values ('00765','SP15', 1);
	insert into ChiTietHoaDon Values ('00766','SP16', 1);
	insert into ChiTietHoaDon Values ('00767','SP17', 1);
	insert into ChiTietHoaDon Values ('00768','SP18', 1);
	insert into ChiTietHoaDon Values ('00769','SP19', 1);
	insert into ChiTietHoaDon Values ('00770','SP20', 1);
	insert into ChiTietHoaDon Values ('00771','SP21', 1);
	insert into ChiTietHoaDon Values ('00772','SP22', 1);
	insert into ChiTietHoaDon Values ('00773','SP23', 1);
	insert into ChiTietHoaDon Values ('00774','SP24', 1);
	insert into ChiTietHoaDon Values ('00775','SP25', 1);
	insert into ChiTietHoaDon Values ('00776','SP26', 1);
	insert into ChiTietHoaDon Values ('00777','SP27', 1);
	insert into ChiTietHoaDon Values ('00778','SP28', 1);
	insert into ChiTietHoaDon Values ('00779','SP29', 1);
	insert into ChiTietHoaDon Values ('00780','SP30', 1);
	insert into ChiTietHoaDon Values ('00781','SP31', 1);
	insert into ChiTietHoaDon Values ('00782','SP32', 1);
	insert into ChiTietHoaDon Values ('00783','SP33', 1);
	insert into ChiTietHoaDon Values ('00784','SP34', 1);
	insert into ChiTietHoaDon Values ('00785','SP35', 1);
	insert into ChiTietHoaDon Values ('00786','SP36', 1);
	insert into ChiTietHoaDon Values ('00787','SP37', 1);
	insert into ChiTietHoaDon Values ('00788','SP38', 1);
	insert into ChiTietHoaDon Values ('00789','SP39', 1);
	insert into ChiTietHoaDon Values ('00790','SP40', 1);
	insert into ChiTietHoaDon Values ('00791','SP41', 1);
	insert into ChiTietHoaDon Values ('00792','SP42', 1);
	insert into ChiTietHoaDon Values ('00793','SP43', 1);
	insert into ChiTietHoaDon Values ('00794','SP44', 1);
	insert into ChiTietHoaDon Values ('00795','SP45', 1);
	insert into ChiTietHoaDon Values ('00796','SP46', 1);
	insert into ChiTietHoaDon Values ('00797','SP47', 1);
	insert into ChiTietHoaDon Values ('00798','SP48', 1);
	insert into ChiTietHoaDon Values ('00799','SP49', 1);
	insert into ChiTietHoaDon Values ('00800','SP50', 1);
	insert into ChiTietHoaDon Values ('00801','SP01', 1);
	insert into ChiTietHoaDon Values ('00802','SP02', 1);
	insert into ChiTietHoaDon Values ('00803','SP03', 1);
	insert into ChiTietHoaDon Values ('00804','SP04', 1);
	insert into ChiTietHoaDon Values ('00805','SP05', 1);
	insert into ChiTietHoaDon Values ('00806','SP06', 1);
	insert into ChiTietHoaDon Values ('00807','SP07', 1);
	insert into ChiTietHoaDon Values ('00808','SP08', 1);
	insert into ChiTietHoaDon Values ('00809','SP09', 1);
	insert into ChiTietHoaDon Values ('00810','SP10', 1);
	insert into ChiTietHoaDon Values ('00811','SP11', 1);
	insert into ChiTietHoaDon Values ('00812','SP12', 1);
	insert into ChiTietHoaDon Values ('00813','SP13', 1);
	insert into ChiTietHoaDon Values ('00814','SP14', 1);
	insert into ChiTietHoaDon Values ('00815','SP15', 1);
	insert into ChiTietHoaDon Values ('00816','SP16', 1);
	insert into ChiTietHoaDon Values ('00817','SP17', 1);
	insert into ChiTietHoaDon Values ('00818','SP18', 1);
	insert into ChiTietHoaDon Values ('00819','SP19', 1);
	insert into ChiTietHoaDon Values ('00820','SP20', 1);
	insert into ChiTietHoaDon Values ('00821','SP21', 1);
	insert into ChiTietHoaDon Values ('00822','SP22', 1);
	insert into ChiTietHoaDon Values ('00823','SP23', 1);
	insert into ChiTietHoaDon Values ('00824','SP24', 1);
	insert into ChiTietHoaDon Values ('00825','SP25', 1);
	insert into ChiTietHoaDon Values ('00826','SP26', 1);
	insert into ChiTietHoaDon Values ('00827','SP27', 1);
	insert into ChiTietHoaDon Values ('00828','SP28', 1);
	insert into ChiTietHoaDon Values ('00829','SP29', 1);
	insert into ChiTietHoaDon Values ('00830','SP30', 1);
	insert into ChiTietHoaDon Values ('00831','SP31', 1);
	insert into ChiTietHoaDon Values ('00832','SP32', 1);
	insert into ChiTietHoaDon Values ('00833','SP33', 1);
	insert into ChiTietHoaDon Values ('00834','SP34', 1);
	insert into ChiTietHoaDon Values ('00835','SP35', 1);
	insert into ChiTietHoaDon Values ('00836','SP36', 1);
	insert into ChiTietHoaDon Values ('00837','SP37', 1);
	insert into ChiTietHoaDon Values ('00838','SP38', 1);
	insert into ChiTietHoaDon Values ('00839','SP39', 1);
	insert into ChiTietHoaDon Values ('00840','SP40', 1);
	insert into ChiTietHoaDon Values ('00841','SP41', 1);
	insert into ChiTietHoaDon Values ('00842','SP42', 1);
	insert into ChiTietHoaDon Values ('00843','SP43', 1);
	insert into ChiTietHoaDon Values ('00844','SP44', 1);
	insert into ChiTietHoaDon Values ('00845','SP45', 1);
	insert into ChiTietHoaDon Values ('00846','SP46', 1);
	insert into ChiTietHoaDon Values ('00847','SP47', 1);
	insert into ChiTietHoaDon Values ('00848','SP48', 1);
	insert into ChiTietHoaDon Values ('00849','SP49', 1);
	insert into ChiTietHoaDon Values ('00850','SP50', 1);
	insert into ChiTietHoaDon Values ('00851','SP01', 1);
	insert into ChiTietHoaDon Values ('00852','SP02', 1);
	insert into ChiTietHoaDon Values ('00853','SP03', 1);
	insert into ChiTietHoaDon Values ('00854','SP04', 1);
	insert into ChiTietHoaDon Values ('00855','SP05', 1);
	insert into ChiTietHoaDon Values ('00856','SP06', 1);
	insert into ChiTietHoaDon Values ('00857','SP07', 1);
	insert into ChiTietHoaDon Values ('00858','SP08', 1);
	insert into ChiTietHoaDon Values ('00859','SP09', 1);
	insert into ChiTietHoaDon Values ('00860','SP10', 1);
	insert into ChiTietHoaDon Values ('00861','SP11', 1);
	insert into ChiTietHoaDon Values ('00862','SP12', 1);
	insert into ChiTietHoaDon Values ('00863','SP13', 1);
	insert into ChiTietHoaDon Values ('00864','SP14', 1);
	insert into ChiTietHoaDon Values ('00865','SP15', 1);
	insert into ChiTietHoaDon Values ('00866','SP16', 1);
	insert into ChiTietHoaDon Values ('00867','SP17', 1);
	insert into ChiTietHoaDon Values ('00868','SP18', 1);
	insert into ChiTietHoaDon Values ('00869','SP19', 1);
	insert into ChiTietHoaDon Values ('00870','SP20', 1);
	insert into ChiTietHoaDon Values ('00871','SP21', 1);
	insert into ChiTietHoaDon Values ('00872','SP22', 1);
	insert into ChiTietHoaDon Values ('00873','SP23', 1);
	insert into ChiTietHoaDon Values ('00874','SP24', 1);
	insert into ChiTietHoaDon Values ('00875','SP25', 1);
	insert into ChiTietHoaDon Values ('00876','SP26', 1);
	insert into ChiTietHoaDon Values ('00877','SP27', 1);
	insert into ChiTietHoaDon Values ('00878','SP28', 1);
	insert into ChiTietHoaDon Values ('00879','SP29', 1);
	insert into ChiTietHoaDon Values ('00880','SP30', 1);
	insert into ChiTietHoaDon Values ('00881','SP31', 1);
	insert into ChiTietHoaDon Values ('00882','SP32', 1);
	insert into ChiTietHoaDon Values ('00883','SP33', 1);
	insert into ChiTietHoaDon Values ('00884','SP34', 1);
	insert into ChiTietHoaDon Values ('00885','SP35', 1);
	insert into ChiTietHoaDon Values ('00886','SP36', 1);
	insert into ChiTietHoaDon Values ('00887','SP37', 1);
	insert into ChiTietHoaDon Values ('00888','SP38', 1);
	insert into ChiTietHoaDon Values ('00889','SP39', 1);
	insert into ChiTietHoaDon Values ('00890','SP40', 1);
	insert into ChiTietHoaDon Values ('00891','SP41', 1);
	insert into ChiTietHoaDon Values ('00892','SP42', 1);
	insert into ChiTietHoaDon Values ('00893','SP43', 1);
	insert into ChiTietHoaDon Values ('00894','SP44', 1);
	insert into ChiTietHoaDon Values ('00895','SP45', 1);
	insert into ChiTietHoaDon Values ('00896','SP46', 1);
	insert into ChiTietHoaDon Values ('00897','SP47', 1);
	insert into ChiTietHoaDon Values ('00898','SP48', 1);
	insert into ChiTietHoaDon Values ('00899','SP49', 1);
	insert into ChiTietHoaDon Values ('00900','SP50', 1);
	insert into ChiTietHoaDon Values ('00901','SP01', 1);
	insert into ChiTietHoaDon Values ('00902','SP02', 1);
	insert into ChiTietHoaDon Values ('00903','SP03', 1);
	insert into ChiTietHoaDon Values ('00904','SP04', 1);
	insert into ChiTietHoaDon Values ('00905','SP05', 1);
	insert into ChiTietHoaDon Values ('00906','SP06', 1);
	insert into ChiTietHoaDon Values ('00907','SP07', 1);
	insert into ChiTietHoaDon Values ('00908','SP08', 1);
	insert into ChiTietHoaDon Values ('00909','SP09', 1);
	insert into ChiTietHoaDon Values ('00910','SP10', 1);
	insert into ChiTietHoaDon Values ('00911','SP11', 1);
	insert into ChiTietHoaDon Values ('00912','SP12', 1);
	insert into ChiTietHoaDon Values ('00913','SP13', 1);
	insert into ChiTietHoaDon Values ('00914','SP14', 1);
	insert into ChiTietHoaDon Values ('00915','SP15', 1);
	insert into ChiTietHoaDon Values ('00916','SP16', 1);
	insert into ChiTietHoaDon Values ('00917','SP17', 1);
	insert into ChiTietHoaDon Values ('00918','SP18', 1);
	insert into ChiTietHoaDon Values ('00919','SP19', 1);
	insert into ChiTietHoaDon Values ('00920','SP20', 1);
	insert into ChiTietHoaDon Values ('00921','SP21', 1);
	insert into ChiTietHoaDon Values ('00922','SP22', 1);
	insert into ChiTietHoaDon Values ('00923','SP23', 1);
	insert into ChiTietHoaDon Values ('00924','SP24', 1);
	insert into ChiTietHoaDon Values ('00925','SP25', 1);
	insert into ChiTietHoaDon Values ('00926','SP26', 1);
	insert into ChiTietHoaDon Values ('00927','SP27', 1);
	insert into ChiTietHoaDon Values ('00928','SP28', 1);
	insert into ChiTietHoaDon Values ('00929','SP29', 1);
	insert into ChiTietHoaDon Values ('00930','SP30', 1);
	insert into ChiTietHoaDon Values ('00931','SP31', 1);
	insert into ChiTietHoaDon Values ('00932','SP32', 1);
	insert into ChiTietHoaDon Values ('00933','SP33', 1);
	insert into ChiTietHoaDon Values ('00934','SP34', 1);
	insert into ChiTietHoaDon Values ('00935','SP35', 1);
	insert into ChiTietHoaDon Values ('00936','SP36', 1);
	insert into ChiTietHoaDon Values ('00937','SP37', 1);
	insert into ChiTietHoaDon Values ('00938','SP38', 1);
	insert into ChiTietHoaDon Values ('00939','SP39', 1);
	insert into ChiTietHoaDon Values ('00940','SP40', 1);
	insert into ChiTietHoaDon Values ('00941','SP41', 1);
	insert into ChiTietHoaDon Values ('00942','SP42', 1);
	insert into ChiTietHoaDon Values ('00943','SP43', 1);
	insert into ChiTietHoaDon Values ('00944','SP44', 1);
	insert into ChiTietHoaDon Values ('00945','SP45', 1);
	insert into ChiTietHoaDon Values ('00946','SP46', 1);
	insert into ChiTietHoaDon Values ('00947','SP47', 1);
	insert into ChiTietHoaDon Values ('00948','SP48', 1);
	insert into ChiTietHoaDon Values ('00949','SP49', 1);
	insert into ChiTietHoaDon Values ('00950','SP50', 1);
	insert into ChiTietHoaDon Values ('00951','SP01', 1);
	insert into ChiTietHoaDon Values ('00952','SP02', 1);
	insert into ChiTietHoaDon Values ('00953','SP03', 1);
	insert into ChiTietHoaDon Values ('00954','SP04', 1);
	insert into ChiTietHoaDon Values ('00955','SP05', 1);
	insert into ChiTietHoaDon Values ('00956','SP06', 1);
	insert into ChiTietHoaDon Values ('00957','SP07', 1);
	insert into ChiTietHoaDon Values ('00958','SP08', 1);
	insert into ChiTietHoaDon Values ('00959','SP09', 1);
	insert into ChiTietHoaDon Values ('00960','SP10', 1);
	insert into ChiTietHoaDon Values ('00961','SP11', 1);
	insert into ChiTietHoaDon Values ('00962','SP12', 1);
	insert into ChiTietHoaDon Values ('00963','SP13', 1);
	insert into ChiTietHoaDon Values ('00964','SP14', 1);
	insert into ChiTietHoaDon Values ('00965','SP15', 1);
	insert into ChiTietHoaDon Values ('00966','SP16', 1);
	insert into ChiTietHoaDon Values ('00967','SP17', 1);
	insert into ChiTietHoaDon Values ('00968','SP18', 1);
	insert into ChiTietHoaDon Values ('00969','SP19', 1);
	insert into ChiTietHoaDon Values ('00970','SP20', 1);
	insert into ChiTietHoaDon Values ('00971','SP21', 1);
	insert into ChiTietHoaDon Values ('00972','SP22', 1);
	insert into ChiTietHoaDon Values ('00973','SP23', 1);
	insert into ChiTietHoaDon Values ('00974','SP24', 1);
	insert into ChiTietHoaDon Values ('00975','SP25', 1);
	insert into ChiTietHoaDon Values ('00976','SP26', 1);
	insert into ChiTietHoaDon Values ('00977','SP27', 1);
	insert into ChiTietHoaDon Values ('00978','SP28', 1);
	insert into ChiTietHoaDon Values ('00979','SP29', 1);
	insert into ChiTietHoaDon Values ('00980','SP30', 1);
	insert into ChiTietHoaDon Values ('00981','SP31', 1);
	insert into ChiTietHoaDon Values ('00982','SP32', 1);
	insert into ChiTietHoaDon Values ('00983','SP33', 1);
	insert into ChiTietHoaDon Values ('00984','SP34', 1);
	insert into ChiTietHoaDon Values ('00985','SP35', 1);
	insert into ChiTietHoaDon Values ('00986','SP36', 1);
	insert into ChiTietHoaDon Values ('00987','SP37', 1);
	insert into ChiTietHoaDon Values ('00988','SP38', 1);
	insert into ChiTietHoaDon Values ('00989','SP39', 1);
	insert into ChiTietHoaDon Values ('00990','SP40', 1);
	insert into ChiTietHoaDon Values ('00991','SP41', 1);
	insert into ChiTietHoaDon Values ('00992','SP42', 1);
	insert into ChiTietHoaDon Values ('00993','SP43', 1);
	insert into ChiTietHoaDon Values ('00994','SP44', 1);
	insert into ChiTietHoaDon Values ('00995','SP45', 1);
	insert into ChiTietHoaDon Values ('00996','SP46', 1);
	insert into ChiTietHoaDon Values ('00997','SP47', 1);
	insert into ChiTietHoaDon Values ('00998','SP48', 1);
	insert into ChiTietHoaDon Values ('00999','SP49', 1);
	insert into ChiTietHoaDon Values ('01000','SP50', 1);
